{
    "__comment": "Model generated using MrCrayfish's Model Creator (http://mrcrayfish.com/modelcreator/)",
    "textures": {
        "0": "blocks/bookshelf",
        "1": "blocks/planks_spruce",
        "2": "blocks/planks_oak"
    },
    "display": {
        "thirdperson_righthand": {
        "rotation": [ 0, 0, 0 ],
        "translation": [ 0, 0, 0 ],
        "scale": [ 0.3, 0.3, 0.3 ]
        },
        "thirdperson_lefthand": {
        "rotation": [ 0, 0, 0 ],
        "translation": [ 0, 0, 0 ],
        "scale": [ 0.3, 0.3, 0.3 ]
        },
        "ground": {
        "rotation": [ 0, 0, 0 ],
        "translation": [ 0, 0, 0 ],
        "scale": [ 0.3, 0.3, 0.3 ]
        },
        "fixed": {
        "rotation": [ 0, 0, 0 ],
        "translation": [ 0, 0, 0 ],
        "scale": [ 0, 0, 0 ]
        },
        "firstperson_righthand": {
        "rotation": [ 0, 0, 0 ],
        "translation": [ 0, 0, 0 ],
        "scale": [ 0.3, 0.3, 0.3 ]
        },
        "firstperson_lefthand": {
        "rotation": [ 0, 0, 0 ],
        "translation": [ 0, 0, 0 ],
        "scale": [ 0.3, 0.3, 0.3 ]
        },
        "gui": {
        "rotation": [ 0, 5, 0 ],
        "translation": [ 0, 0, 0 ],
        "scale": [ 0.5, 0.5, 0.5 ]
        }
        },
    "elements": [
        {
            "name": "Books1",
            "from": [ 1.0, 1.0, -0.5 ], 
            "to": [ 2.0, 5.0, 0.5 ], 
            "faces": {
                "north": { "texture": "#0", "uv": [ 13.0, 3.0, 15.0, 7.0 ] },
                "east": { "texture": "#0", "uv": [ 3.0, 2.0, 5.0, 7.0 ] },
                "south": { "texture": "#0", "uv": [ 0.0, 0.0, 1.0, 4.0 ] },
                "west": { "texture": "#0", "uv": [ 3.0, 3.0, 4.0, 7.0 ] },
                "up": { "texture": "#0", "uv": [ 9.0, 11.0, 11.0, 13.0 ] },
                "down": { "texture": "#0", "uv": [ 9.0, 11.0, 10.0, 12.0 ] }
            }
        },
        {
            "name": "Book2",
            "from": [ 4.0, 9.0, -0.5 ], 
            "to": [ 5.0, 14.0, 0.5 ], 
            "faces": {
                "north": { "texture": "#0", "uv": [ 6.0, 1.0, 9.0, 13.0 ] },
                "east": { "texture": "#0", "uv": [ 4.0, 2.0, 7.0, 11.0 ] },
                "south": { "texture": "#-1", "uv": [ 0.0, 0.0, 1.0, 5.0 ] },
                "west": { "texture": "#0", "uv": [ 7.0, 3.0, 10.0, 11.0 ] },
                "up": { "texture": "#0", "uv": [ 13.0, 4.0, 14.0, 5.0 ] },
                "down": { "texture": "#0", "uv": [ 1.0, 3.0, 2.0, 4.0 ] }
            }
        },
        {
            "name": "Shelf1",
            "from": [ 0.0, 1.0, 0.0 ], 
            "to": [ 1.0, 15.0, 1.0 ], 
            "faces": {
                "north": { "texture": "#1", "uv": [ 0.0, 0.0, 4.0, 14.0 ] },
                "east": { "texture": "#1", "uv": [ 0.0, 0.0, 3.0, 14.0 ] },
                "south": { "texture": "#1", "uv": [ 0.0, 0.0, 3.0, 14.0 ] },
                "west": { "texture": "#1", "uv": [ 0.0, 0.0, 4.0, 14.0 ] },
                "up": { "texture": "#1", "uv": [ 0.0, 0.0, 1.0, 1.0 ] },
                "down": { "texture": "#1", "uv": [ 0.0, 0.0, 1.0, 1.0 ] }
            }
        },
        {
            "name": "Shelf2",
            "from": [ 15.0, 1.0, 0.0 ], 
            "to": [ 16.0, 15.0, 1.0 ], 
            "faces": {
                "north": { "texture": "#1", "uv": [ 2.0, 0.0, 5.0, 16.0 ] },
                "east": { "texture": "#1", "uv": [ 0.0, 0.0, 3.0, 16.0 ] },
                "south": { "texture": "#1", "uv": [ 5.0, 0.0, 8.0, 16.0 ] },
                "west": { "texture": "#1", "uv": [ 2.0, 0.0, 5.0, 14.0 ] },
                "up": { "texture": "#1", "uv": [ 0.0, 0.0, 4.0, 3.0 ] },
                "down": { "texture": "#1", "uv": [ 0.0, 0.0, 3.0, 3.0 ] }
            }
        },
        {
            "name": "Shelf3",
            "from": [ 15.0, 1.0, 15.0 ], 
            "to": [ 16.0, 15.0, 16.0 ], 
            "faces": {
                "north": { "texture": "#1", "uv": [ 0.0, 0.0, 3.0, 15.0 ] },
                "east": { "texture": "#1", "uv": [ 0.0, 0.0, 4.0, 16.0 ] },
                "south": { "texture": "#1", "uv": [ 4.0, 0.0, 7.0, 16.0 ] },
                "west": { "texture": "#1", "uv": [ 0.0, 0.0, 3.0, 16.0 ] },
                "up": { "texture": "#1", "uv": [ 0.0, 0.0, 3.0, 3.0 ] },
                "down": { "texture": "#1", "uv": [ 0.0, 0.0, 3.0, 3.0 ] }
            }
        },
        {
            "name": "Shelf4",
            "from": [ 0.0, 1.0, 15.0 ], 
            "to": [ 1.0, 15.0, 16.0 ], 
            "faces": {
                "north": { "texture": "#1", "uv": [ 0.0, 0.0, 1.0, 14.0 ] },
                "east": { "texture": "#1", "uv": [ 0.0, 0.0, 1.0, 14.0 ] },
                "south": { "texture": "#1", "uv": [ 0.0, 0.0, 1.0, 14.0 ] },
                "west": { "texture": "#1", "uv": [ 0.0, 0.0, 1.0, 14.0 ] },
                "up": { "texture": "#1", "uv": [ 0.0, 0.0, 1.0, 1.0 ] },
                "down": { "texture": "#1", "uv": [ 0.0, 0.0, 1.0, 1.0 ] }
            }
        },
        {
            "name": "Shelf5",
            "from": [ 0.0, 15.0, 0.0 ], 
            "to": [ 16.0, 16.0, 16.0 ], 
            "faces": {
                "north": { "texture": "#1", "uv": [ 0.0, 0.0, 16.0, 1.0 ] },
                "east": { "texture": "#1", "uv": [ 0.0, 0.0, 16.0, 1.0 ] },
                "south": { "texture": "#1", "uv": [ 0.0, 0.0, 16.0, 1.0 ] },
                "west": { "texture": "#1", "uv": [ 0.0, 0.0, 16.0, 1.0 ] },
                "up": { "texture": "#1", "uv": [ 0.0, 0.0, 16.0, 16.0 ] },
                "down": { "texture": "#1", "uv": [ 0.0, 0.0, 16.0, 16.0 ] }
            }
        },
        {
            "name": "Shelf10",
            "from": [ 0.0, 0.0, 0.0 ], 
            "to": [ 16.0, 1.0, 16.0 ], 
            "faces": {
                "north": { "texture": "#1", "uv": [ 0.0, 0.0, 16.0, 1.0 ] },
                "east": { "texture": "#1", "uv": [ 0.0, 0.0, 16.0, 1.0 ] },
                "south": { "texture": "#1", "uv": [ 0.0, 0.0, 16.0, 1.0 ] },
                "west": { "texture": "#1", "uv": [ 0.0, 0.0, 16.0, 1.0 ] },
                "up": { "texture": "#1", "uv": [ 0.0, 0.0, 16.0, 16.0 ] },
                "down": { "texture": "#1", "uv": [ 0.0, 0.0, 16.0, 16.0 ] }
            }
        },
        {
            "name": "InnerCase",
            "from": [ 1.0, 1.0, 1.0 ], 
            "to": [ 15.0, 15.0, 15.0 ], 
            "faces": {
                "north": { "texture": "#0", "uv": [ 1.0, 1.0, 15.0, 15.0 ] },
                "east": { "texture": "#0", "uv": [ 1.0, 1.0, 15.0, 15.0 ] },
                "south": { "texture": "#0", "uv": [ 1.0, 1.0, 15.0, 15.0 ] },
                "west": { "texture": "#0", "uv": [ 1.0, 1.0, 15.0, 15.0 ] },
                "up": { "texture": "#2", "uv": [ 0.0, 0.0, 15.0, 15.0 ] },
                "down": { "texture": "#2", "uv": [ 0.0, 0.0, 16.0, 14.0 ] }
            }
        },
        {
            "name": "Book3",
            "from": [ 3.0, 9.0, 15.5 ], 
            "to": [ 4.0, 14.0, 16.5 ], 
            "faces": {
                "north": { "texture": "#0", "uv": [ 13.0, 3.0, 15.0, 7.0 ] },
                "east": { "texture": "#0", "uv": [ 3.0, 2.0, 5.0, 7.0 ] },
                "south": { "texture": "#0", "uv": [ 4.0, 2.0, 5.0, 7.0 ] },
                "west": { "texture": "#0", "uv": [ 3.0, 3.0, 4.0, 8.0 ] },
                "up": { "texture": "#0", "uv": [ 9.0, 11.0, 11.0, 13.0 ] },
                "down": { "texture": "#0", "uv": [ 9.0, 11.0, 10.0, 12.0 ] }
            }
        },
        {
            "name": "Book4",
            "from": [ 15.0, 1.0, 5.0 ], 
            "to": [ 16.0, 6.0, 6.0 ], 
            "faces": {
                "north": { "texture": "#0", "uv": [ 11.0, 2.0, 12.0, 7.0 ] },
                "east": { "texture": "#0", "uv": [ 9.0, 10.0, 11.0, 15.0 ] },
                "south": { "texture": "#0", "uv": [ 9.0, 10.0, 10.0, 11.0 ] },
                "west": { "texture": "#0", "uv": [ 12.0, 2.0, 13.0, 7.0 ] },
                "up": { "texture": "#0", "uv": [ 1.0, 3.0, 2.0, 4.0 ] },
                "down": { "texture": "#0", "uv": [ 1.0, 3.0, 2.0, 4.0 ] }
            }
        },
        {
            "name": "Cube",
            "from": [ 0.0, 1.0, 4.0 ], 
            "to": [ 1.0, 6.0, 5.0 ], 
            "faces": {
                "north": { "texture": "#0", "uv": [ 11.0, 2.0, 12.0, 7.0 ] },
                "east": { "texture": "#0", "uv": [ 9.0, 10.0, 11.0, 15.0 ] },
                "south": { "texture": "#0", "uv": [ 9.0, 10.0, 10.0, 11.0 ] },
                "west": { "texture": "#0", "uv": [ 12.0, 2.0, 13.0, 7.0 ] },
                "up": { "texture": "#0", "uv": [ 1.0, 3.0, 2.0, 4.0 ] },
                "down": { "texture": "#0", "uv": [ 1.0, 3.0, 2.0, 4.0 ] }
            }
        }
    ]
}