{
    "__comment": "Model generated using MrCrayfish's Model Creator (http://mrcrayfish.com/modelcreator/)",
    "textures": {
        "0": "blocks/hardened_clay_stained_white",
        "1": "blocks/hardened_clay_stained_yellow",
        "2": "blocks/wool_colored_silver",
        "3": "blocks/redstone_torch_on"
    },
    "elements": [
        {
            "name": "Candlestick",
            "from": [ 7.5, 1.0, 7.5 ], 
            "to": [ 8.5, 6.0, 8.5 ], 
            "faces": {
                "north": { "texture": "#0", "uv": [ 0.0, 0.0, 8.0, 11.0 ] },
                "east": { "texture": "#0", "uv": [ 2.0, 2.0, 10.0, 13.0 ] },
                "south": { "texture": "#0", "uv": [ 5.0, 1.0, 13.0, 12.0 ] },
                "west": { "texture": "#0", "uv": [ 5.0, 1.0, 14.0, 13.0 ] },
                "up": { "texture": "#0", "uv": [ 6.0, 8.0, 9.0, 13.0 ] },
                "down": { "texture": "#0", "uv": [ 0.0, 0.0, 7.0, 5.0 ] }
            }
        },
        {
            "name": "base",
            "from": [ 6.8, 0.0, 6.8 ], 
            "to": [ 9.2, 1.0, 9.2 ], 
            "faces": {
                "north": { "texture": "#1", "uv": [ 0.0, 0.0, 6.4, 5.0 ] },
                "east": { "texture": "#1", "uv": [ 0.0, 0.0, 9.4, 8.0 ] },
                "south": { "texture": "#1", "uv": [ 0.0, 0.0, 11.4, 9.0 ] },
                "west": { "texture": "#1", "uv": [ 0.0, 0.0, 8.4, 7.0 ] },
                "up": { "texture": "#1", "uv": [ 0.0, 0.0, 7.4, 6.4 ] },
                "down": { "texture": "#1", "uv": [ 0.0, 0.0, 4.4, 6.4 ] }
            }
        },
        {
            "name": "Wick",
            "from": [ 7.9, 6.0, 7.9 ], 
            "to": [ 8.1, 7.0, 8.1 ], 
            "faces": {
                "north": { "texture": "#2", "uv": [ 0.0, 0.0, 3.2, 7.0 ] },
                "east": { "texture": "#2", "uv": [ 0.0, 0.0, 3.2, 5.0 ] },
                "south": { "texture": "#2", "uv": [ 0.0, 0.0, 8.2, 7.0 ] },
                "west": { "texture": "#2", "uv": [ 0.0, 0.0, 6.2, 9.0 ] },
                "up": { "texture": "#2", "uv": [ 0.0, 0.0, 3.2, 3.2 ] },
                "down": { "texture": "#2", "uv": [ 0.0, 0.0, 2.2, 3.2 ] }
            }
        },
        {
            "name": "Flame",
            "from": [ 7.8, 7.0, 7.8 ], 
            "to": [ 8.2, 7.4, 8.2 ], 
            "faces": {
                "north": { "texture": "#3", "uv": [ 7.0, 6.0, 8.4, 8.4 ] },
                "east": { "texture": "#3", "uv": [ 7.0, 6.0, 8.4, 7.4 ] },
                "south": { "texture": "#3", "uv": [ 7.0, 6.0, 8.4, 7.4 ] },
                "west": { "texture": "#3", "uv": [ 7.0, 6.0, 8.4, 7.4 ] },
                "up": { "texture": "#3", "uv": [ 7.0, 5.0, 8.4, 6.4 ] },
                "down": { "texture": "#3", "uv": [ 7.0, 6.0, 8.4, 7.4 ] }
            }
        },
        {
            "name": "Flame2",
            "from": [ 7.9, 7.4, 7.9 ], 
            "to": [ 8.1, 7.800000000000001, 8.1 ], 
            "faces": {
                "north": { "texture": "#3", "uv": [ 6.0, 6.0, 7.2, 7.4 ] },
                "east": { "texture": "#3", "uv": [ 6.0, 6.0, 7.199999999999999, 7.4 ] },
                "south": { "texture": "#3", "uv": [ 7.0, 7.0, 8.2, 8.4 ] },
                "west": { "texture": "#3", "uv": [ 6.0, 6.0, 7.199999999999999, 7.4 ] },
                "up": { "texture": "#3", "uv": [ 7.0, 5.0, 8.2, 6.2 ] },
                "down": { "texture": "#3", "uv": [ 7.0, 7.0, 8.2, 8.2 ] }
            }
        },
        {
            "name": "Handle",
            "from": [ 7.3, 0.0, 9.2 ], 
            "to": [ 8.7, 0.6, 9.6 ], 
            "faces": {
                "north": { "texture": "#1", "uv": [ 0.0, 0.0, 10.4, 8.6 ] },
                "east": { "texture": "#1", "uv": [ 0.0, 0.0, 9.4, 5.6 ] },
                "south": { "texture": "#1", "uv": [ 0.0, 0.0, 12.4, 6.6 ] },
                "west": { "texture": "#1", "uv": [ 0.0, 0.0, 6.4, 4.6 ] },
                "up": { "texture": "#1", "uv": [ 0.0, 0.0, 11.4, 8.4 ] },
                "down": { "texture": "#1", "uv": [ 0.0, 0.0, 11.4, 7.4 ] }
            }
        },
        {
            "name": "Cube",
            "from": [ 7.3, 0.0, 6.4 ], 
            "to": [ 8.7, 0.6, 6.800000000000001 ], 
            "faces": {
                "north": { "texture": "#1", "uv": [ 0.0, 0.0, 9.4, 7.6 ] },
                "east": { "texture": "#1", "uv": [ 0.0, 0.0, 9.4, 4.6 ] },
                "south": { "texture": "#1", "uv": [ 0.0, 0.0, 8.4, 8.6 ] },
                "west": { "texture": "#1", "uv": [ 0.0, 0.0, 10.4, 5.6 ] },
                "up": { "texture": "#1", "uv": [ 0.0, 0.0, 11.4, 9.4 ] },
                "down": { "texture": "#1", "uv": [ 0.0, 0.0, 8.4, 4.4 ] }
            }
        },
        {
            "name": "Cube",
            "from": [ 6.4, 0.0, 7.4 ], 
            "to": [ 6.800000000000001, 0.6, 8.8 ], 
            "faces": {
                "north": { "texture": "#1", "uv": [ 0.0, 0.0, 11.4, 9.6 ] },
                "east": { "texture": "#1", "uv": [ 0.0, 0.0, 12.4, 7.6 ] },
                "south": { "texture": "#1", "uv": [ 0.0, 0.0, 9.4, 7.6 ] },
                "west": { "texture": "#1", "uv": [ 0.0, 0.0, 10.4, 10.6 ] },
                "up": { "texture": "#1", "uv": [ 0.0, 0.0, 10.4, 8.4 ] },
                "down": { "texture": "#1", "uv": [ 0.0, 0.0, 13.4, 14.4 ] }
            }
        },
        {
            "name": "Cube",
            "from": [ 9.2, 0.0, 7.4 ], 
            "to": [ 9.6, 0.6, 8.8 ], 
            "faces": {
                "north": { "texture": "#1", "uv": [ 0.0, 0.0, 7.4, 11.6 ] },
                "east": { "texture": "#1", "uv": [ 0.0, 0.0, 10.4, 8.6 ] },
                "south": { "texture": "#1", "uv": [ 0.0, 0.0, 5.4, 8.6 ] },
                "west": { "texture": "#1", "uv": [ 0.0, 0.0, 10.4, 5.6 ] },
                "up": { "texture": "#1", "uv": [ 0.0, 0.0, 4.4, 9.4 ] },
                "down": { "texture": "#1", "uv": [ 0.0, 0.0, 10.4, 8.4 ] }
            }
        }
    ]
}