{
    "parent": "block/torch_wall",
	"__comment": "Model generated using MrCrayfish's Model Creator (http://mrcrayfish.com/modelcreator/)",
    "textures": {
        "0": "blocks/log_spruce",
        "1": "blocks/bone_block_top",
        "2": "blocks/redstone_torch_on"
    },
	"display": {
		"thirdperson_righthand": {
		"rotation": [ 0, 0, 0 ],
		"translation": [ 10, 0, 0 ],
		"scale": [ 2, 2, 2 ]
		},
		"thirdperson_lefthand": {
		"rotation": [ 0, 0, 0 ],
		"translation": [ 0, 0, 0 ],
		"scale": [ 2, 2, 2 ]
		},
		"ground": {
		"rotation": [ 0, 0, 0 ],
		"translation": [ 0, 0, 0 ],
		"scale": [ 2, 2, 2 ]
		},
		"fixed": {
		"rotation": [ 0, 0, 0 ],
		"translation": [ 0, 0, 0 ],
		"scale": [ 2, 2, 2 ]
		},
		"firstperson_righthand": {
		"rotation": [ 0, 0, 0 ],
		"translation": [ 0, 0, 0 ],
		"scale": [ 2, 2, 2 ]
		},
		"firstperson_lefthand": {
		"rotation": [ 0, 0, 0 ],
		"translation": [ -1.89, 0, 0 ],
		"scale": [ 2, 2, 2 ]
		},
		"gui": {
		"rotation": [ 0, 5, 0 ],
		"translation": [ 0, -2, 0 ],
		"scale": [ 1, 1, 1 ]
		}
		},
    "elements": [
        {
            "name": "CBase",
            "from": [ 0.0, 6.0, 6.0 ], 
            "to": [ 2.0, 7.0, 10.0 ], 
            "faces": {
                "north": { "texture": "#0", "uv": [ 0.0, 0.0, 7.0, 2.0 ] },
                "east": { "texture": "#0", "uv": [ 0.0, 0.0, 5.0, 2.0 ] },
                "south": { "texture": "#0", "uv": [ 0.0, 0.0, 8.0, 7.0 ] },
                "west": { "texture": "#0", "uv": [ 0.0, 0.0, 7.0, 2.0 ] },
                "up": { "texture": "#0", "uv": [ 0.0, 0.0, 9.0, 4.0 ] },
                "down": { "texture": "#0", "uv": [ 0.0, 0.0, 7.0, 5.0 ] }
            }
        },
        {
            "name": "CBase2",
            "from": [ 0.0, 5.0, 7.000000014901161 ], 
            "to": [ 1.0, 6.0, 9.000000014901161 ], 
            "faces": {
                "north": { "texture": "#0", "uv": [ 0.0, 0.0, 7.0, 2.0 ] },
                "east": { "texture": "#0", "uv": [ 0.0, 0.0, 5.0, 2.0 ] },
                "south": { "texture": "#0", "uv": [ 0.0, 0.0, 8.0, 7.0 ] },
                "west": { "texture": "#0", "uv": [ 0.0, 0.0, 7.0, 2.0 ] },
                "up": { "texture": "#0", "uv": [ 0.0, 0.0, 9.0, 4.0 ] },
                "down": { "texture": "#0", "uv": [ 0.0, 0.0, 7.0, 5.0 ] }
            }
        },
        {
            "name": "Candle1",
            "from": [ 0.5000000074505806, 7.0, 7.500000007450581 ], 
            "to": [ 1.5000000074505806, 10.0, 8.50000000745058 ], 
            "faces": {
                "north": { "texture": "#1", "uv": [ 0.0, 0.0, 7.0, 2.0 ] },
                "east": { "texture": "#1", "uv": [ 0.0, 0.0, 5.0, 2.0 ] },
                "south": { "texture": "#1", "uv": [ 0.0, 0.0, 8.0, 7.0 ] },
                "west": { "texture": "#1", "uv": [ 0.0, 0.0, 7.0, 2.0 ] },
                "up": { "texture": "#1", "uv": [ 0.0, 0.0, 9.0, 4.0 ] },
                "down": { "texture": "#1", "uv": [ 0.0, 0.0, 7.0, 5.0 ] }
            }
        },
        {
            "name": "Wick1",
            "from": [ 0.9000000134110451, 10.0, 7.900000013411045 ], 
            "to": [ 1.1000000014901161, 10.899999998509884, 8.100000001490116 ], 
            "faces": {
                "north": { "texture": "#1", "uv": [ 0.0, 0.0, 7.0, 2.0 ] },
                "east": { "texture": "#1", "uv": [ 0.0, 0.0, 5.0, 2.0 ] },
                "south": { "texture": "#1", "uv": [ 0.0, 0.0, 8.0, 7.0 ] },
                "west": { "texture": "#1", "uv": [ 0.0, 0.0, 7.0, 2.0 ] },
                "up": { "texture": "#1", "uv": [ 0.0, 0.0, 9.0, 4.0 ] },
                "down": { "texture": "#1", "uv": [ 0.0, 0.0, 7.0, 5.0 ] }
            }
        },
        {
            "name": "Flame1",
            "from": [ 0.800000011920929, 10.899999998509884, 7.800000011920929 ], 
            "to": [ 1.2000000029802322, 11.299999989569187, 8.200000002980232 ], 
            "faces": {
                "north": { "texture": "#2", "uv": [ 7.0, 6.0, 10.0, 8.0 ] },
                "east": { "texture": "#2", "uv": [ 7.0, 6.0, 9.0, 7.0 ] },
                "south": { "texture": "#2", "uv": [ 7.0, 5.0, 9.0, 8.0 ] },
                "west": { "texture": "#2", "uv": [ 6.0, 6.0, 9.0, 8.0 ] },
                "up": { "texture": "#2", "uv": [ 7.0, 5.0, 9.0, 8.0 ] },
                "down": { "texture": "#2", "uv": [ 7.0, 6.0, 9.0, 9.0 ] }
            }
        },
        {
            "name": "Flame2",
            "from": [ 0.9000000134110451, 11.200000002980232, 7.900000013411045 ], 
            "to": [ 1.1000000014901161, 11.599999994039536, 8.100000001490116 ], 
            "faces": {
                "north": { "texture": "#2", "uv": [ 7.0, 6.0, 10.0, 8.0 ] },
                "east": { "texture": "#2", "uv": [ 7.0, 6.0, 9.0, 7.0 ] },
                "south": { "texture": "#2", "uv": [ 7.0, 5.0, 9.0, 8.0 ] },
                "west": { "texture": "#2", "uv": [ 6.0, 6.0, 9.0, 8.0 ] },
                "up": { "texture": "#2", "uv": [ 7.0, 5.0, 9.0, 8.0 ] },
                "down": { "texture": "#2", "uv": [ 7.0, 6.0, 9.0, 9.0 ] }
            }
        }
    ]
}