{
    "__comment": "Model generated using MrCrayfish's Model Creator (http://mrcrayfish.com/modelcreator/)",
    "textures": {
        "0": "blocks/coal_block",
        "1": "blocks/redstone_block",
        "2": "blocks/glass_red"
    },
    "elements": [
        {
            "name": "GuardBase",
            "from": [ 7.2, 8.0, 9.0 ], 
            "to": [ 8.8, 9.6, 10.6 ], 
            "faces": {
                "north": { "texture": "#0", "uv": [ 3.0, 4.0, 7.6, 8.6 ] },
                "east": { "texture": "#0", "uv": [ 4.0, 4.0, 8.6, 8.6 ] },
                "south": { "texture": "#0", "uv": [ 2.0, 3.0, 7.6, 9.6 ] },
                "west": { "texture": "#0", "uv": [ 5.0, 3.0, 10.6, 8.6 ] },
                "up": { "texture": "#0", "uv": [ 3.0, 2.0, 5.6, 6.6 ] },
                "down": { "texture": "#0", "uv": [ 8.0, 8.0, 11.6, 12.6 ] }
            }
        },
        {
            "name": "Handle",
            "from": [ 7.6, 4.0, 9.4 ], 
            "to": [ 8.4, 8.0, 10.200000000000001 ], 
            "faces": {
                "north": { "texture": "#0", "uv": [ 8.0, 3.0, 8.8, 7.0 ] },
                "east": { "texture": "#0", "uv": [ 7.0, 3.0, 7.8, 7.0 ] },
                "south": { "texture": "#0", "uv": [ 10.0, 2.0, 10.8, 6.0 ] },
                "west": { "texture": "#0", "uv": [ 10.0, 3.0, 10.8, 7.0 ] },
                "up": { "texture": "#0", "uv": [ 5.0, 6.0, 7.8, 9.8 ] },
                "down": { "texture": "#0", "uv": [ 0.0, 0.0, 4.8, 5.8 ] }
            }
        },
        {
            "name": "Blade1",
            "from": [ 7.7, 9.0, 9.5 ], 
            "to": [ 8.3, 14.0, 10.1 ], 
            "faces": {
                "north": { "texture": "#1", "uv": [ 3.0, 2.0, 6.6, 11.0 ] },
                "east": { "texture": "#1", "uv": [ 3.0, 0.0, 6.6, 11.0 ] },
                "south": { "texture": "#1", "uv": [ 6.0, 1.0, 10.6, 13.0 ] },
                "west": { "texture": "#1", "uv": [ 4.0, 0.0, 5.6, 10.0 ] },
                "up": { "texture": "#1", "uv": [ 6.0, 5.0, 8.6, 7.6 ] },
                "down": { "texture": "#1", "uv": [ 5.0, 3.0, 7.6, 6.6 ] }
            }
        },
        {
            "name": "Blade2",
            "from": [ 7.8, 14.0, 9.6 ], 
            "to": [ 8.2, 19.0, 10.0 ], 
            "faces": {
                "north": { "texture": "#1", "uv": [ 5.0, 4.0, 6.4, 13.0 ] },
                "east": { "texture": "#1", "uv": [ 6.0, 5.0, 7.4, 13.0 ] },
                "south": { "texture": "#1", "uv": [ 10.0, 5.0, 12.4, 14.0 ] },
                "west": { "texture": "#1", "uv": [ 6.0, 5.0, 7.4, 13.0 ] },
                "up": { "texture": "#1", "uv": [ 0.0, 0.0, 2.4, 2.4 ] },
                "down": { "texture": "#1", "uv": [ 1.0, 0.0, 3.4, 3.4 ] }
            }
        },
        {
            "name": "Blade3",
            "from": [ 7.9, 19.0, 9.7 ], 
            "to": [ 8.1, 24.0, 9.899999999999999 ], 
            "faces": {
                "north": { "texture": "#1", "uv": [ 0.0, 0.0, 1.1999999999999993, 6.0 ] },
                "east": { "texture": "#1", "uv": [ 0.0, 0.0, 1.2000000000000002, 7.0 ] },
                "south": { "texture": "#1", "uv": [ 0.0, 0.0, 1.2000000000000002, 7.0 ] },
                "west": { "texture": "#1", "uv": [ 0.0, 0.0, 1.2000000000000002, 7.0 ] },
                "up": { "texture": "#1", "uv": [ 0.0, 0.0, 1.2, 1.2 ] },
                "down": { "texture": "#1", "uv": [ 0.0, 0.0, 1.2, 2.2 ] }
            }
        },
        {
            "name": "Hand1",
            "from": [ 8.8, 7.0, 9.6 ], 
            "to": [ 9.200000000000001, 11.0, 10.0 ], 
            "faces": {
                "north": { "texture": "#2", "uv": [ 0.0, 0.0, 6.4, 8.0 ] },
                "east": { "texture": "#2", "uv": [ 0.0, 0.0, 4.4, 9.0 ] },
                "south": { "texture": "#2", "uv": [ 0.0, 0.0, 5.4, 7.0 ] },
                "west": { "texture": "#2", "uv": [ 0.0, 0.0, 4.4, 7.0 ] },
                "up": { "texture": "#2", "uv": [ 0.0, 0.0, 3.4, 5.4 ] },
                "down": { "texture": "#2", "uv": [ 0.0, 0.0, 4.4, 1.4 ] }
            }
        },
        {
            "name": "Hand2",
            "from": [ 6.800000000000001, 7.0, 9.6 ], 
            "to": [ 7.200000000000001, 11.0, 10.0 ], 
            "faces": {
                "north": { "texture": "#2", "uv": [ 0.0, 0.0, 6.4, 8.0 ] },
                "east": { "texture": "#2", "uv": [ 0.0, 0.0, 4.4, 9.0 ] },
                "south": { "texture": "#2", "uv": [ 0.0, 0.0, 5.4, 7.0 ] },
                "west": { "texture": "#2", "uv": [ 0.0, 0.0, 4.4, 7.0 ] },
                "up": { "texture": "#2", "uv": [ 0.0, 0.0, 3.4, 5.4 ] },
                "down": { "texture": "#2", "uv": [ 0.0, 0.0, 4.4, 1.4 ] }
            }
        },
        {
            "name": "Hand3",
            "from": [ 7.800000000000001, 7.0, 10.6 ], 
            "to": [ 8.200000000000001, 11.0, 11.0 ], 
            "faces": {
                "north": { "texture": "#2", "uv": [ 0.0, 0.0, 6.4, 8.0 ] },
                "east": { "texture": "#2", "uv": [ 0.0, 0.0, 4.4, 9.0 ] },
                "south": { "texture": "#2", "uv": [ 0.0, 0.0, 5.4, 7.0 ] },
                "west": { "texture": "#2", "uv": [ 0.0, 0.0, 4.4, 7.0 ] },
                "up": { "texture": "#2", "uv": [ 0.0, 0.0, 3.4, 5.4 ] },
                "down": { "texture": "#2", "uv": [ 0.0, 0.0, 4.4, 1.4 ] }
            }
        },
        {
            "name": "Hand4",
            "from": [ 7.800000000000001, 7.0, 8.6 ], 
            "to": [ 8.200000000000001, 11.0, 9.0 ], 
            "faces": {
                "north": { "texture": "#2", "uv": [ 0.0, 0.0, 6.4, 8.0 ] },
                "east": { "texture": "#2", "uv": [ 0.0, 0.0, 4.4, 9.0 ] },
                "south": { "texture": "#2", "uv": [ 0.0, 0.0, 5.4, 7.0 ] },
                "west": { "texture": "#2", "uv": [ 0.0, 0.0, 4.4, 7.0 ] },
                "up": { "texture": "#2", "uv": [ 0.0, 0.0, 3.4, 5.4 ] },
                "down": { "texture": "#2", "uv": [ 0.0, 0.0, 4.4, 1.4 ] }
            }
        }
    ]
}