{
    "__comment": "Model generated using MrCrayfish's Model Creator (http://mrcrayfish.com/modelcreator/)",
    "textures": {
        "0": "blocks/door_dark_oak_upper",
        "1": "blocks/anvil_top_damaged_0",
        "2": "blocks/cocoa_stage_2"
    },
    "display": {
        "thirdperson_righthand": {
        "rotation": [ 0, 0, 0 ],
        "translation": [ 0, 0, 0 ],
        "scale": [ 1.1, 1.1, 1.1 ]
        },
        "thirdperson_lefthand": {
        "rotation": [ 0, 0, 0 ],
        "translation": [ 0, 0, 0 ],
        "scale": [ 1.1, 1.1, 1.1 ]
        },
        "ground": {
        "rotation": [ 0, 0, 0 ],
        "translation": [ 0, 0, 0 ],
        "scale": [ 1.1, 1.1, 1.1 ]
        },
        "fixed": {
        "rotation": [ 0, 0, 0 ],
        "translation": [ 0, 0, 0 ],
        "scale": [ 1.1, 1.1, 1.1 ]
        },
        "firstperson_righthand": {
        "rotation": [ 0, 0, 0 ],
        "translation": [ 0, 0, 0 ],
        "scale": [ 1.1, 1.1, 1.1 ]
        },
        "firstperson_lefthand": {
        "rotation": [ 0, 0, 0 ],
        "translation": [ -1.89, 0, 0 ],
        "scale": [ 1.3, 1.3, 1.3 ]
        },
        "gui": {
        "rotation": [ 0, 90, 0 ],
        "translation": [ 0, -4, 0 ],
        "scale": [ 0.7, 0.7, 0.7 ]
        }
        },
    "elements": [
        {
            "name": "Handle",
            "from": [ 7.5, 0.0, 8.0 ], 
            "to": [ 8.3, 15.0, 8.8 ], 
            "faces": {
                "north": { "texture": "#0", "uv": [ 1.0, 0.0, 4.8, 15.0 ] },
                "east": { "texture": "#0", "uv": [ 0.0, 0.0, 3.8, 15.0 ] },
                "south": { "texture": "#0", "uv": [ 10.0, 0.0, 13.8, 15.0 ] },
                "west": { "texture": "#0", "uv": [ 5.0, 0.0, 4.800000000000001, 15.0 ] },
                "up": { "texture": "#0", "uv": [ 0.0, 0.0, 1.8, 2.8 ] },
                "down": { "texture": "#0", "uv": [ 0.0, 0.0, 1.8, 1.8 ] }
            }
        },
        {
            "name": "Pommel1",
            "from": [ 7.6, -0.5, 8.1 ], 
            "to": [ 8.2, 0.09999999999999998, 8.7 ], 
            "faces": {
                "north": { "texture": "#1", "uv": [ 7.0, 3.0, 9.6, 5.6 ] },
                "east": { "texture": "#1", "uv": [ 3.0, 3.0, 6.6, 6.6 ] },
                "south": { "texture": "#1", "uv": [ 6.0, 4.0, 9.6, 7.6 ] },
                "west": { "texture": "#1", "uv": [ 6.0, 1.0, 9.6, 4.6 ] },
                "up": { "texture": "#1", "uv": [ 6.0, 3.0, 9.6, 6.6 ] },
                "down": { "texture": "#1", "uv": [ 7.0, 7.0, 10.6, 10.6 ] }
            }
        },
        {
            "name": "Spike1",
            "from": [ 7.4, -1.5, 7.9 ], 
            "to": [ 8.4, -0.5, 8.9 ], 
            "faces": {
                "north": { "texture": "#2", "uv": [ 2.0, 1.0, 6.0, 6.0 ] },
                "east": { "texture": "#2", "uv": [ 1.0, 1.0, 5.0, 4.0 ] },
                "south": { "texture": "#2", "uv": [ 8.0, 7.0, 12.0, 11.0 ] },
                "west": { "texture": "#2", "uv": [ 11.0, 4.0, 7.0, 8.0 ] },
                "up": { "texture": "#2", "uv": [ 3.0, 0.0, 6.0, 3.0 ] },
                "down": { "texture": "#2", "uv": [ 2.0, 2.0, 5.0, 5.0 ] }
            }
        },
        {
            "name": "Mid",
            "from": [ 7.0, 14.0, 6.9 ], 
            "to": [ 9.0, 17.0, 9.9 ], 
            "faces": {
                "north": { "texture": "#1", "uv": [ 8.0, 3.0, 12.0, 8.0 ] },
                "east": { "texture": "#1", "uv": [ 3.0, 3.0, 7.0, 8.0 ] },
                "south": { "texture": "#1", "uv": [ 7.0, 3.0, 11.0, 9.0 ] },
                "west": { "texture": "#1", "uv": [ 5.0, 3.0, 10.0, 13.0 ] },
                "up": { "texture": "#1", "uv": [ 6.0, 3.0, 11.0, 10.0 ] },
                "down": { "texture": "#1", "uv": [ 4.0, 1.0, 9.0, 9.0 ] }
            }
        },
        {
            "name": "HammerHead1",
            "from": [ 6.0, 13.5, 4.9 ], 
            "to": [ 10.0, 17.5, 6.9 ], 
            "faces": {
                "north": { "texture": "#1", "uv": [ 5.0, 4.0, 9.0, 8.0 ] },
                "east": { "texture": "#1", "uv": [ 4.0, 0.0, 6.0, 13.0 ] },
                "south": { "texture": "#1", "uv": [ 7.0, 1.0, 9.0, 13.0 ] },
                "west": { "texture": "#1", "uv": [ 5.0, 0.0, 7.0, 14.0 ] },
                "up": { "texture": "#1", "uv": [ 4.0, 5.0, 12.0, 7.0 ] },
                "down": { "texture": "#1", "uv": [ 4.0, 3.0, 12.0, 8.0 ] }
            }
        },
        {
            "name": "HammerHead2",
            "from": [ 5.5, 13.0, 1.9 ], 
            "to": [ 10.5, 18.0, 4.9 ], 
            "faces": {
                "north": { "texture": "#2", "uv": [ 8.0, 5.0, 14.0, 11.0 ] },
                "east": { "texture": "#2", "uv": [ 0.0, 1.0, 5.0, 6.0 ] },
                "south": { "texture": "#2", "uv": [ 1.0, 1.0, 6.0, 6.0 ] },
                "west": { "texture": "#2", "uv": [ 8.0, 5.0, 12.0, 10.0 ] },
                "up": { "texture": "#2", "uv": [ 1.0, 1.0, 6.0, 6.0 ] },
                "down": { "texture": "#2", "uv": [ 8.0, 5.0, 13.0, 11.0 ] }
            }
        },
        {
            "name": "top",
            "from": [ 7.5, 17.0, 7.9 ], 
            "to": [ 8.5, 19.0, 8.9 ], 
            "faces": {
                "north": { "texture": "#2", "uv": [ 7.0, 4.0, 12.0, 9.0 ] },
                "east": { "texture": "#2", "uv": [ 0.0, 0.0, 4.0, 5.0 ] },
                "south": { "texture": "#2", "uv": [ 7.0, 4.0, 12.0, 9.0 ] },
                "west": { "texture": "#2", "uv": [ 0.0, 0.0, 4.0, 6.0 ] },
                "up": { "texture": "#2", "uv": [ 6.0, 4.0, 9.0, 7.0 ] },
                "down": { "texture": "#2", "uv": [ 0.0, 0.0, 5.0, 5.0 ] }
            }
        },
        {
            "name": "Back",
            "from": [ 7.5, 15.0, 9.9 ], 
            "to": [ 8.5, 17.0, 12.9 ], 
            "faces": {
                "north": { "texture": "#2", "uv": [ 3.0, 1.0, 6.0, 6.0 ] },
                "east": { "texture": "#2", "uv": [ 0.0, 0.0, 5.0, 4.0 ] },
                "south": { "texture": "#2", "uv": [ 7.0, 4.0, 11.0, 10.0 ] },
                "west": { "texture": "#2", "uv": [ 0.0, 0.0, 6.0, 4.0 ] },
                "up": { "texture": "#2", "uv": [ 0.0, 0.0, 4.0, 6.0 ] },
                "down": { "texture": "#2", "uv": [ 0.0, 0.0, 4.0, 5.0 ] }
            }
        },
        {
            "name": "Back2",
            "from": [ 7.6, 16.0, 13.0 ], 
            "to": [ 8.4, 16.8, 15.0 ], 
            "faces": {
                "north": { "texture": "#2", "uv": [ 2.0, 2.0, 4.8, 4.8 ] },
                "east": { "texture": "#2", "uv": [ 0.0, 3.0, 6.0, 5.8 ] },
                "south": { "texture": "#2", "uv": [ 2.0, 2.0, 4.8, 5.8 ] },
                "west": { "texture": "#2", "uv": [ 14.0, 11.0, 8.0, 6.799999999999997 ] },
                "up": { "texture": "#2", "uv": [ 1.0, 3.0, 4.8, 7.0 ] },
                "down": { "texture": "#2", "uv": [ 10.0, 7.0, 13.8, 12.0 ] }
            }
        }
    ]
}