{
    "__comment": "Model generated using MrCrayfish's Model Creator (http://mrcrayfish.com/modelcreator/)",
    "textures": {
        "0": "blocks/anvil_base",
        "1": "blocks/hardened_clay_stained_yellow",
        "2": "blocks/cocoa_stage_"
    },
    "display": {
        "thirdperson_righthand": {
        "rotation": [ 0, 0, 0 ],
        "translation": [ 0, 0, 0 ],
        "scale": [ 1.1, 1.1, 1.1 ]
        },
        "thirdperson_lefthand": {
        "rotation": [ 0, 0, 0 ],
        "translation": [ 0, 0, 0 ],
        "scale": [ 1.1, 1.1, 1.1 ]
        },
        "ground": {
        "rotation": [ 0, 0, 0 ],
        "translation": [ 0, 0, 0 ],
        "scale": [ 1.1, 1.1, 1.1 ]
        },
        "fixed": {
        "rotation": [ 0, 0, 0 ],
        "translation": [ 0, 0, 0 ],
        "scale": [ 1.1, 1.1, 1.1 ]
        },
        "firstperson_righthand": {
        "rotation": [ 0, 0, 0 ],
        "translation": [ 0, 0, 0 ],
        "scale": [ 1.1, 1.1, 1.1 ]
        },
        "firstperson_lefthand": {
        "rotation": [ 0, 0, 0 ],
        "translation": [ -1.89, 0, 0 ],
        "scale": [ 1.3, 1.3, 1.3 ]
        },
        "gui": {
        "rotation": [ 0, 90, 0 ],
        "translation": [ 0, -4, 0 ],
        "scale": [ 0.7, 0.7, 0.7 ]
        }
        },
    "elements": [
        {
            "name": "Handle",
            "from": [ 7.5, 3.5, 8.5 ], 
            "to": [ 8.5, 8.5, 9.5 ], 
            "faces": {
                "north": { "texture": "#0", "uv": [ 0.0, 0.0, 3.0, 9.0 ] },
                "east": { "texture": "#0", "uv": [ 3.0, 4.0, 11.0, 16.0 ] },
                "south": { "texture": "#0", "uv": [ 4.0, 1.0, 8.0, 11.0 ] },
                "west": { "texture": "#0", "uv": [ 6.0, 5.0, 11.0, 15.0 ] },
                "up": { "texture": "#0", "uv": [ 8.0, 5.0, 11.0, 9.0 ] },
                "down": { "texture": "#0", "uv": [ 3.0, 4.0, 9.0, 9.0 ] }
            }
        },
        {
            "name": "Pommel",
            "from": [ 7.3, 2.5, 8.3 ], 
            "to": [ 8.7, 3.7, 9.700000000000001 ], 
            "faces": {
                "north": { "texture": "#1", "uv": [ 0.0, 0.0, 1.4, 1.2 ] },
                "east": { "texture": "#1", "uv": [ 0.0, 0.0, 1.4, 1.2 ] },
                "south": { "texture": "#1", "uv": [ 0.0, 0.0, 1.4, 1.2 ] },
                "west": { "texture": "#1", "uv": [ 0.0, 0.0, 1.4, 1.2 ] },
                "up": { "texture": "#1", "uv": [ 0.0, 0.0, 1.4, 1.4 ] },
                "down": { "texture": "#1", "uv": [ 0.0, 0.0, 1.4, 1.4 ] }
            }
        },
        {
            "name": "Guard",
            "from": [ 7.3, 8.5, 7.300000000000001 ], 
            "to": [ 8.7, 9.7, 10.700000000000001 ], 
            "faces": {
                "north": { "texture": "#1", "uv": [ 0.0, 0.0, 1.4, 1.2 ] },
                "east": { "texture": "#1", "uv": [ 0.0, 0.0, 3.4, 1.2 ] },
                "south": { "texture": "#1", "uv": [ 0.0, 0.0, 1.4, 1.2 ] },
                "west": { "texture": "#1", "uv": [ 0.0, 0.0, 3.4, 1.2 ] },
                "up": { "texture": "#1", "uv": [ 0.0, 0.0, 1.4, 3.4 ] },
                "down": { "texture": "#1", "uv": [ 0.0, 0.0, 1.4, 3.4 ] }
            }
        },
        {
            "name": "Guard2",
            "from": [ 7.4, 7.5, 10.5 ], 
            "to": [ 8.6, 8.7, 13.7 ], 
            "rotation": { "origin": [ 8.0, 8.0, 8.0 ], "axis": "x", "angle": -22.5 },
            "faces": {
                "north": { "texture": "#1", "uv": [ 0.0, 0.0, 1.2, 1.2 ] },
                "east": { "texture": "#1", "uv": [ 0.0, 0.0, 3.2, 1.2 ] },
                "south": { "texture": "#1", "uv": [ 0.0, 0.0, 1.2, 1.2 ] },
                "west": { "texture": "#1", "uv": [ 0.0, 0.0, 3.2, 1.2 ] },
                "up": { "texture": "#1", "uv": [ 0.0, 0.0, 1.2, 3.2 ] },
                "down": { "texture": "#1", "uv": [ 0.0, 0.0, 1.2, 3.2 ] }
            }
        },
        {
            "name": "Guard3",
            "from": [ 7.3, 8.2, 4.2 ], 
            "to": [ 8.5, 9.399999999999999, 7.4 ], 
            "rotation": { "origin": [ 8.0, 8.0, 8.0 ], "axis": "x", "angle": 22.5 },
            "faces": {
                "north": { "texture": "#1", "uv": [ 0.0, 0.0, 1.2, 1.2 ] },
                "east": { "texture": "#1", "uv": [ 0.0, 0.0, 3.2, 1.2 ] },
                "south": { "texture": "#1", "uv": [ 0.0, 0.0, 1.2, 1.2 ] },
                "west": { "texture": "#1", "uv": [ 0.0, 0.0, 3.2, 1.2 ] },
                "up": { "texture": "#1", "uv": [ 0.0, 0.0, 1.2, 3.2 ] },
                "down": { "texture": "#1", "uv": [ 0.0, 0.0, 1.2, 3.2 ] }
            }
        },
        {
            "name": "Blade1",
            "from": [ 7.9, 9.5, 7.3 ], 
            "to": [ 8.1, 27.7, 10.7 ], 
            "faces": {
                "north": { "texture": "#2", "uv": [ 3.0, 0.0, 6.2, 6.199999999999999 ] },
                "east": { "texture": "#2", "uv": [ 9.0, 5.0, 11.4, 12.2 ] },
                "south": { "texture": "#2", "uv": [ 9.0, 7.0, 12.2, 13.2 ] },
                "west": { "texture": "#2", "uv": [ 10.0, 5.0, 12.4, 12.2 ] },
                "up": { "texture": "#2", "uv": [ 3.0, 1.0, 4.2, 4.4 ] },
                "down": { "texture": "#2", "uv": [ 3.0, 2.0, 4.2, 5.4 ] }
            }
        },
        {
            "name": "Blade2",
            "from": [ 7.9, 27.7, 7.8 ], 
            "to": [ 8.1, 30.9, 10.2 ], 
            "faces": {
                "north": { "texture": "#2", "uv": [ 3.0, 0.0, 6.2, 6.199999999999999 ] },
                "east": { "texture": "#2", "uv": [ 9.0, 5.0, 11.4, 12.2 ] },
                "south": { "texture": "#2", "uv": [ 9.0, 7.0, 12.2, 13.2 ] },
                "west": { "texture": "#2", "uv": [ 10.0, 5.0, 12.4, 12.2 ] },
                "up": { "texture": "#2", "uv": [ 3.0, 1.0, 4.2, 4.4 ] },
                "down": { "texture": "#2", "uv": [ 3.0, 2.0, 4.2, 5.4 ] }
            }
        },
        {
            "name": "Blade3",
            "from": [ 7.9, 30.799999999999997, 8.3 ], 
            "to": [ 8.1, 33.0, 9.700000000000001 ], 
            "faces": {
                "north": { "texture": "#2", "uv": [ 3.0, 0.0, 6.2, 6.199999999999999 ] },
                "east": { "texture": "#2", "uv": [ 9.0, 5.0, 11.4, 12.2 ] },
                "south": { "texture": "#2", "uv": [ 9.0, 7.0, 12.2, 13.2 ] },
                "west": { "texture": "#2", "uv": [ 10.0, 5.0, 12.4, 12.2 ] },
                "up": { "texture": "#2", "uv": [ 3.0, 1.0, 4.2, 4.4 ] },
                "down": { "texture": "#2", "uv": [ 3.0, 2.0, 4.2, 5.4 ] }
            }
        }
    ]
}