{
    "__comment": "Model generated using MrCrayfish's Model Creator (http://mrcrayfish.com/modelcreator/)",
    "textures": {
        "0": "blocks/door_dark_oak_upper",
        "1": "blocks/emerald_ore",
        "2": "blocks/cauldron_side",
        "3": "items/leather_chestplate"
    },
    "display": {
        "thirdperson_righthand": {
        "rotation": [ 0, 0, 0 ],
        "translation": [ 0, 0, 0 ],
        "scale": [ 1.1, 1.1, 1.1 ]
        },
        "thirdperson_lefthand": {
        "rotation": [ 0, 0, 0 ],
        "translation": [ 0, 0, 0 ],
        "scale": [ 1.1, 1.1, 1.1 ]
        },
        "ground": {
        "rotation": [ 0, 0, 0 ],
        "translation": [ 0, 0, 0 ],
        "scale": [ 1.1, 1.1, 1.1 ]
        },
        "fixed": {
        "rotation": [ 0, 0, 0 ],
        "translation": [ 0, 0, 0 ],
        "scale": [ 1.1, 1.1, 1.1 ]
        },
        "firstperson_righthand": {
        "rotation": [ 0, 0, 0 ],
        "translation": [ 0, 0, 0 ],
        "scale": [ 1.1, 1.1, 1.1 ]
        },
        "firstperson_lefthand": {
        "rotation": [ 0, 0, 0 ],
        "translation": [ -1.89, 0, 0 ],
        "scale": [ 1.3, 1.3, 1.3 ]
        },
        "gui": {
        "rotation": [ 0, 90, 0 ],
        "translation": [ 0, -4, 0 ],
        "scale": [ 0.7, 0.7, 0.7 ]
        }
        },
    "elements": [
        {
            "name": "Cartridge",
            "from": [ 10.5, 5.0, 10.0 ], 
            "to": [ 11.3, 7.0, 15.0 ], 
            "faces": {
                "north": { "texture": "#0", "uv": [ 6.0, 2.0, 13.0, 5.8 ] },
                "east": { "texture": "#0", "uv": [ 2.0, 2.0, 11.0, 5.8 ] },
                "south": { "texture": "#0", "uv": [ 5.0, 5.0, 13.0, 9.8 ] },
                "west": { "texture": "#0", "uv": [ 3.0, 5.0, 12.0, 10.8 ] },
                "up": { "texture": "#0", "uv": [ 0.0, 1.0, 5.0, 13.0 ] },
                "down": { "texture": "#0", "uv": [ 7.0, 1.0, 14.0, 11.0 ] }
            }
        },
        {
            "name": "Cartridge2",
            "from": [ 10.5, 4.5, 15.0 ], 
            "to": [ 11.4, 7.5, 18.0 ], 
            "faces": {
                "north": { "texture": "#0", "uv": [ 4.0, 2.0, 14.0, 5.9 ] },
                "east": { "texture": "#0", "uv": [ 3.0, 6.0, 14.0, 10.9 ] },
                "south": { "texture": "#0", "uv": [ 4.0, 5.0, 14.0, 8.9 ] },
                "west": { "texture": "#0", "uv": [ 9.0, 7.0, 16.0, 11.9 ] },
                "up": { "texture": "#0", "uv": [ 0.0, 0.0, 7.0, 6.0 ] },
                "down": { "texture": "#0", "uv": [ 4.0, 2.0, 10.0, 8.0 ] }
            }
        },
        {
            "name": "Gem",
            "from": [ 11.0, 5.5, 16.0 ], 
            "to": [ 12.0, 6.5, 17.0 ], 
            "faces": {
                "north": { "texture": "#1", "uv": [ 4.0, 4.0, 6.0, 6.0 ] },
                "east": { "texture": "#1", "uv": [ 6.0, 5.0, 8.0, 7.0 ] },
                "south": { "texture": "#1", "uv": [ 7.0, 12.0, 9.0, 14.0 ] },
                "west": { "texture": "#1", "uv": [ 4.0, 4.0, 6.0, 6.0 ] },
                "up": { "texture": "#1", "uv": [ 5.0, 4.0, 7.0, 6.0 ] },
                "down": { "texture": "#1", "uv": [ 6.0, 1.0, 8.0, 3.0 ] }
            }
        },
        {
            "name": "Blade1",
            "from": [ 10.8, 5.4, 1.0 ], 
            "to": [ 11.0, 6.6000000000000005, 10.0 ], 
            "faces": {
                "north": { "texture": "#2", "uv": [ 0.0, 0.0, 12.2, 3.2 ] },
                "east": { "texture": "#2", "uv": [ 0.0, 0.0, 13.0, 3.2 ] },
                "south": { "texture": "#2", "uv": [ 0.0, 0.0, 8.2, 3.2 ] },
                "west": { "texture": "#2", "uv": [ 0.0, 0.0, 12.0, 6.2 ] },
                "up": { "texture": "#2", "uv": [ 0.0, 0.0, 4.2, 12.0 ] },
                "down": { "texture": "#2", "uv": [ 0.0, 0.0, 4.2, 10.0 ] }
            }
        },
        {
            "name": "Blade2",
            "from": [ 10.8, 5.5, -1.0 ], 
            "to": [ 11.0, 6.5, 1.0 ], 
            "faces": {
                "north": { "texture": "#2", "uv": [ 0.0, 0.0, 4.0, 3.2 ] },
                "east": { "texture": "#2", "uv": [ 0.0, 0.0, 4.0, 2.2 ] },
                "south": { "texture": "#2", "uv": [ 0.0, 0.0, 3.0, 2.2 ] },
                "west": { "texture": "#2", "uv": [ 0.0, 0.0, 5.0, 2.2 ] },
                "up": { "texture": "#2", "uv": [ 0.0, 0.0, 4.0, 5.0 ] },
                "down": { "texture": "#2", "uv": [ 0.0, 0.0, 3.0, 3.0 ] }
            }
        },
        {
            "name": "Blade3",
            "from": [ 10.8, 5.7, -2.0 ], 
            "to": [ 11.0, 6.3, -1.0 ], 
            "faces": {
                "north": { "texture": "#2", "uv": [ 0.0, 0.0, 3.6, 3.2 ] },
                "east": { "texture": "#2", "uv": [ 0.0, 0.0, 4.0, 3.2 ] },
                "south": { "texture": "#2", "uv": [ 0.0, 0.0, 3.6, 3.2 ] },
                "west": { "texture": "#2", "uv": [ 0.0, 0.0, 4.0, 3.2 ] },
                "up": { "texture": "#2", "uv": [ 0.0, 0.0, 3.6, 5.0 ] },
                "down": { "texture": "#2", "uv": [ 0.0, 0.0, 3.5999999999999996, 5.0 ] }
            }
        },
        {
            "name": "Strap1",
            "from": [ 5.5, 3.5, 12.0 ], 
            "to": [ 10.5, 4.5, 13.0 ], 
            "faces": {
                "north": { "texture": "#3", "uv": [ 4.0, 7.0, 11.0, 14.0 ] },
                "east": { "texture": "#3", "uv": [ 8.0, 5.0, 11.0, 14.0 ] },
                "south": { "texture": "#3", "uv": [ 4.0, 7.0, 11.0, 13.0 ] },
                "west": { "texture": "#3", "uv": [ 5.0, 5.0, 9.0, 14.0 ] },
                "up": { "texture": "#3", "uv": [ 4.0, 7.0, 11.0, 10.0 ] },
                "down": { "texture": "#3", "uv": [ 4.0, 8.0, 14.0, 12.0 ] }
            }
        },
        {
            "name": "Strap2",
            "from": [ 5.5, 4.5, 12.0 ], 
            "to": [ 6.5, 7.5, 13.0 ], 
            "faces": {
                "north": { "texture": "#3", "uv": [ 4.0, 7.0, 11.0, 14.0 ] },
                "east": { "texture": "#3", "uv": [ 8.0, 5.0, 11.0, 14.0 ] },
                "south": { "texture": "#3", "uv": [ 4.0, 7.0, 11.0, 13.0 ] },
                "west": { "texture": "#3", "uv": [ 5.0, 5.0, 9.0, 14.0 ] },
                "up": { "texture": "#3", "uv": [ 4.0, 7.0, 11.0, 10.0 ] },
                "down": { "texture": "#3", "uv": [ 4.0, 8.0, 14.0, 12.0 ] }
            }
        },
        {
            "name": "Strap3",
            "from": [ 5.5, 7.5, 12.0 ], 
            "to": [ 10.5, 8.5, 13.0 ], 
            "faces": {
                "north": { "texture": "#3", "uv": [ 4.0, 7.0, 11.0, 14.0 ] },
                "east": { "texture": "#3", "uv": [ 8.0, 5.0, 11.0, 14.0 ] },
                "south": { "texture": "#3", "uv": [ 4.0, 7.0, 11.0, 13.0 ] },
                "west": { "texture": "#3", "uv": [ 5.0, 5.0, 9.0, 14.0 ] },
                "up": { "texture": "#3", "uv": [ 4.0, 7.0, 11.0, 10.0 ] },
                "down": { "texture": "#3", "uv": [ 4.0, 8.0, 14.0, 12.0 ] }
            }
        },
        {
            "name": "Strap4",
            "from": [ 9.5, 4.5, 12.0 ], 
            "to": [ 10.5, 7.5, 13.0 ], 
            "faces": {
                "north": { "texture": "#3", "uv": [ 4.0, 7.0, 11.0, 14.0 ] },
                "east": { "texture": "#3", "uv": [ 8.0, 5.0, 11.0, 14.0 ] },
                "south": { "texture": "#3", "uv": [ 4.0, 7.0, 11.0, 13.0 ] },
                "west": { "texture": "#3", "uv": [ 5.0, 5.0, 9.0, 14.0 ] },
                "up": { "texture": "#3", "uv": [ 4.0, 7.0, 11.0, 10.0 ] },
                "down": { "texture": "#3", "uv": [ 4.0, 8.0, 14.0, 12.0 ] }
            }
        }
    ]
}