{
    "__comment": "Model generated using MrCrayfish's Model Creator (http://mrcrayfish.com/modelcreator/)",
    "textures": {
        "0": "blocks/bone_block_top",
        "1": "blocks/coal_block"
    },
    "elements": [
        {
            "name": "Inards",
            "from": [ 6.5, 9.2, 9.0 ], 
            "to": [ 9.5, 12.2, 12.0 ], 
            "faces": {
                "north": { "texture": "#0", "uv": [ 2.0, 1.0, 14.0, 14.0 ] },
                "east": { "texture": "#0", "uv": [ 4.0, 1.0, 15.0, 13.0 ] },
                "south": { "texture": "#0", "uv": [ 5.0, 2.0, 15.0, 13.0 ] },
                "west": { "texture": "#0", "uv": [ 0.0, 3.0, 16.0, 13.0 ] },
                "up": { "texture": "#0", "uv": [ 2.0, 2.0, 12.0, 11.0 ] },
                "down": { "texture": "#0", "uv": [ 3.0, 3.0, 12.0, 10.0 ] }
            }
        },
        {
            "name": "SkullBack",
            "from": [ 6.2, 9.3, 9.3 ], 
            "to": [ 9.7, 12.8, 12.8 ], 
            "faces": {
                "north": { "texture": "#1", "uv": [ 2.0, 1.0, 14.0, 14.0 ] },
                "east": { "texture": "#1", "uv": [ 4.0, 1.0, 15.0, 13.0 ] },
                "south": { "texture": "#1", "uv": [ 5.0, 2.0, 15.0, 13.0 ] },
                "west": { "texture": "#1", "uv": [ 0.0, 3.0, 16.0, 13.0 ] },
                "up": { "texture": "#1", "uv": [ 2.0, 2.0, 12.0, 11.0 ] },
                "down": { "texture": "#1", "uv": [ 3.0, 3.0, 12.0, 10.0 ] }
            }
        },
        {
            "name": "Face1",
            "from": [ 6.3, 9.3, 8.3 ], 
            "to": [ 9.6, 10.0, 9.8 ], 
            "faces": {
                "north": { "texture": "#1", "uv": [ 2.0, 1.0, 14.0, 14.0 ] },
                "east": { "texture": "#1", "uv": [ 4.0, 1.0, 15.0, 13.0 ] },
                "south": { "texture": "#1", "uv": [ 5.0, 2.0, 15.0, 13.0 ] },
                "west": { "texture": "#1", "uv": [ 0.0, 3.0, 16.0, 13.0 ] },
                "up": { "texture": "#1", "uv": [ 2.0, 2.0, 12.0, 11.0 ] },
                "down": { "texture": "#1", "uv": [ 3.0, 3.0, 12.0, 10.0 ] }
            }
        },
        {
            "name": "Face2",
            "from": [ 6.5, 7.9, 8.3 ], 
            "to": [ 6.8, 9.6, 8.8 ], 
            "faces": {
                "north": { "texture": "#1", "uv": [ 2.0, 1.0, 14.0, 14.0 ] },
                "east": { "texture": "#1", "uv": [ 4.0, 1.0, 15.0, 13.0 ] },
                "south": { "texture": "#1", "uv": [ 5.0, 2.0, 15.0, 13.0 ] },
                "west": { "texture": "#1", "uv": [ 0.0, 3.0, 16.0, 13.0 ] },
                "up": { "texture": "#1", "uv": [ 2.0, 2.0, 12.0, 11.0 ] },
                "down": { "texture": "#1", "uv": [ 3.0, 3.0, 12.0, 10.0 ] }
            }
        },
        {
            "name": "Face3",
            "from": [ 9.3, 8.9, 8.3 ], 
            "to": [ 9.600000000000001, 9.6, 8.8 ], 
            "faces": {
                "north": { "texture": "#1", "uv": [ 2.0, 1.0, 14.0, 14.0 ] },
                "east": { "texture": "#1", "uv": [ 4.0, 1.0, 15.0, 13.0 ] },
                "south": { "texture": "#1", "uv": [ 5.0, 2.0, 15.0, 13.0 ] },
                "west": { "texture": "#1", "uv": [ 0.0, 3.0, 16.0, 13.0 ] },
                "up": { "texture": "#1", "uv": [ 2.0, 2.0, 12.0, 11.0 ] },
                "down": { "texture": "#1", "uv": [ 3.0, 3.0, 12.0, 10.0 ] }
            }
        },
        {
            "name": "Face4",
            "from": [ 8.3, 8.5, 8.3 ], 
            "to": [ 8.8, 9.4, 8.8 ], 
            "faces": {
                "north": { "texture": "#1", "uv": [ 2.0, 1.0, 14.0, 14.0 ] },
                "east": { "texture": "#1", "uv": [ 4.0, 1.0, 15.0, 13.0 ] },
                "south": { "texture": "#1", "uv": [ 5.0, 2.0, 15.0, 13.0 ] },
                "west": { "texture": "#1", "uv": [ 0.0, 3.0, 16.0, 13.0 ] },
                "up": { "texture": "#1", "uv": [ 2.0, 2.0, 12.0, 11.0 ] },
                "down": { "texture": "#1", "uv": [ 3.0, 3.0, 12.0, 10.0 ] }
            }
        },
        {
            "name": "Face5",
            "from": [ 7.300000000000001, 8.8, 8.3 ], 
            "to": [ 7.9, 9.4, 8.8 ], 
            "faces": {
                "north": { "texture": "#1", "uv": [ 2.0, 1.0, 14.0, 14.0 ] },
                "east": { "texture": "#1", "uv": [ 4.0, 1.0, 15.0, 13.0 ] },
                "south": { "texture": "#1", "uv": [ 5.0, 2.0, 15.0, 13.0 ] },
                "west": { "texture": "#1", "uv": [ 0.0, 3.0, 16.0, 13.0 ] },
                "up": { "texture": "#1", "uv": [ 2.0, 2.0, 12.0, 11.0 ] },
                "down": { "texture": "#1", "uv": [ 3.0, 3.0, 12.0, 10.0 ] }
            }
        },
        {
            "name": "FaceSide1",
            "from": [ 6.300000000000001, 9.8, 8.8 ], 
            "to": [ 6.9, 12.4, 9.3 ], 
            "faces": {
                "north": { "texture": "#1", "uv": [ 2.0, 1.0, 14.0, 14.0 ] },
                "east": { "texture": "#1", "uv": [ 4.0, 1.0, 15.0, 13.0 ] },
                "south": { "texture": "#1", "uv": [ 5.0, 2.0, 15.0, 13.0 ] },
                "west": { "texture": "#1", "uv": [ 0.0, 3.0, 16.0, 13.0 ] },
                "up": { "texture": "#1", "uv": [ 2.0, 2.0, 12.0, 11.0 ] },
                "down": { "texture": "#1", "uv": [ 3.0, 3.0, 12.0, 10.0 ] }
            }
        },
        {
            "name": "FaceSide2",
            "from": [ 9.0, 9.8, 8.8 ], 
            "to": [ 9.6, 12.4, 9.3 ], 
            "faces": {
                "north": { "texture": "#1", "uv": [ 2.0, 1.0, 14.0, 14.0 ] },
                "east": { "texture": "#1", "uv": [ 4.0, 1.0, 15.0, 13.0 ] },
                "south": { "texture": "#1", "uv": [ 5.0, 2.0, 15.0, 13.0 ] },
                "west": { "texture": "#1", "uv": [ 0.0, 3.0, 16.0, 13.0 ] },
                "up": { "texture": "#1", "uv": [ 2.0, 2.0, 12.0, 11.0 ] },
                "down": { "texture": "#1", "uv": [ 3.0, 3.0, 12.0, 10.0 ] }
            }
        },
        {
            "name": "FaceSide3",
            "from": [ 6.5, 11.8, 8.8 ], 
            "to": [ 9.1, 12.4, 9.3 ], 
            "faces": {
                "north": { "texture": "#1", "uv": [ 2.0, 1.0, 14.0, 14.0 ] },
                "east": { "texture": "#1", "uv": [ 4.0, 1.0, 15.0, 13.0 ] },
                "south": { "texture": "#1", "uv": [ 5.0, 2.0, 15.0, 13.0 ] },
                "west": { "texture": "#1", "uv": [ 0.0, 3.0, 16.0, 13.0 ] },
                "up": { "texture": "#1", "uv": [ 2.0, 2.0, 12.0, 11.0 ] },
                "down": { "texture": "#1", "uv": [ 3.0, 3.0, 12.0, 10.0 ] }
            }
        },
        {
            "name": "FaceTop",
            "from": [ 6.5, 10.5, 8.8 ], 
            "to": [ 9.1, 11.1, 9.3 ], 
            "faces": {
                "north": { "texture": "#1", "uv": [ 2.0, 1.0, 14.0, 14.0 ] },
                "east": { "texture": "#1", "uv": [ 4.0, 1.0, 15.0, 13.0 ] },
                "south": { "texture": "#1", "uv": [ 5.0, 2.0, 15.0, 13.0 ] },
                "west": { "texture": "#1", "uv": [ 0.0, 3.0, 16.0, 13.0 ] },
                "up": { "texture": "#1", "uv": [ 2.0, 2.0, 12.0, 11.0 ] },
                "down": { "texture": "#1", "uv": [ 3.0, 3.0, 12.0, 10.0 ] }
            }
        },
        {
            "name": "FaceMiddle",
            "from": [ 7.4, 10.5, 8.8 ], 
            "to": [ 8.5, 12.1, 9.3 ], 
            "faces": {
                "north": { "texture": "#1", "uv": [ 2.0, 1.0, 14.0, 14.0 ] },
                "east": { "texture": "#1", "uv": [ 4.0, 1.0, 15.0, 13.0 ] },
                "south": { "texture": "#1", "uv": [ 5.0, 2.0, 15.0, 13.0 ] },
                "west": { "texture": "#1", "uv": [ 0.0, 3.0, 16.0, 13.0 ] },
                "up": { "texture": "#1", "uv": [ 2.0, 2.0, 12.0, 11.0 ] },
                "down": { "texture": "#1", "uv": [ 3.0, 3.0, 12.0, 10.0 ] }
            }
        },
        {
            "name": "Cube",
            "from": [ 8.4, 9.5, 8.8 ], 
            "to": [ 9.5, 11.1, 9.3 ], 
            "faces": {
                "north": { "texture": "#1", "uv": [ 2.0, 1.0, 14.0, 14.0 ] },
                "east": { "texture": "#1", "uv": [ 4.0, 1.0, 15.0, 13.0 ] },
                "south": { "texture": "#1", "uv": [ 5.0, 2.0, 15.0, 13.0 ] },
                "west": { "texture": "#1", "uv": [ 0.0, 3.0, 16.0, 13.0 ] },
                "up": { "texture": "#1", "uv": [ 2.0, 2.0, 12.0, 11.0 ] },
                "down": { "texture": "#1", "uv": [ 3.0, 3.0, 12.0, 10.0 ] }
            }
        },
        {
            "name": "Cube",
            "from": [ 6.4, 9.5, 8.8 ], 
            "to": [ 7.5, 11.1, 9.3 ], 
            "faces": {
                "north": { "texture": "#1", "uv": [ 2.0, 1.0, 14.0, 14.0 ] },
                "east": { "texture": "#1", "uv": [ 4.0, 1.0, 15.0, 13.0 ] },
                "south": { "texture": "#1", "uv": [ 5.0, 2.0, 15.0, 13.0 ] },
                "west": { "texture": "#1", "uv": [ 0.0, 3.0, 16.0, 13.0 ] },
                "up": { "texture": "#1", "uv": [ 2.0, 2.0, 12.0, 11.0 ] },
                "down": { "texture": "#1", "uv": [ 3.0, 3.0, 12.0, 10.0 ] }
            }
        },
        {
            "name": "Cube",
            "from": [ 7.7, 9.5, 8.8 ], 
            "to": [ 8.2, 11.1, 9.3 ], 
            "faces": {
                "north": { "texture": "#1", "uv": [ 2.0, 1.0, 14.0, 14.0 ] },
                "east": { "texture": "#1", "uv": [ 4.0, 1.0, 15.0, 13.0 ] },
                "south": { "texture": "#1", "uv": [ 5.0, 2.0, 15.0, 13.0 ] },
                "west": { "texture": "#1", "uv": [ 0.0, 3.0, 16.0, 13.0 ] },
                "up": { "texture": "#1", "uv": [ 2.0, 2.0, 12.0, 11.0 ] },
                "down": { "texture": "#1", "uv": [ 3.0, 3.0, 12.0, 10.0 ] }
            }
        },
        {
            "name": "Rounded",
            "from": [ 7.5, 9.8, 9.8 ], 
            "to": [ 10.0, 12.3, 12.3 ], 
            "faces": {
                "north": { "texture": "#1", "uv": [ 2.0, 1.0, 14.0, 14.0 ] },
                "east": { "texture": "#1", "uv": [ 4.0, 1.0, 15.0, 13.0 ] },
                "south": { "texture": "#1", "uv": [ 5.0, 2.0, 15.0, 13.0 ] },
                "west": { "texture": "#1", "uv": [ 0.0, 3.0, 16.0, 13.0 ] },
                "up": { "texture": "#1", "uv": [ 2.0, 2.0, 12.0, 11.0 ] },
                "down": { "texture": "#1", "uv": [ 3.0, 3.0, 12.0, 10.0 ] }
            }
        },
        {
            "name": "Rounded2",
            "from": [ 5.8, 9.8, 9.8 ], 
            "to": [ 8.3, 12.3, 12.3 ], 
            "faces": {
                "north": { "texture": "#1", "uv": [ 2.0, 1.0, 14.0, 14.0 ] },
                "east": { "texture": "#1", "uv": [ 4.0, 1.0, 15.0, 13.0 ] },
                "south": { "texture": "#1", "uv": [ 5.0, 2.0, 15.0, 13.0 ] },
                "west": { "texture": "#1", "uv": [ 0.0, 3.0, 16.0, 13.0 ] },
                "up": { "texture": "#1", "uv": [ 2.0, 2.0, 12.0, 11.0 ] },
                "down": { "texture": "#1", "uv": [ 3.0, 3.0, 12.0, 10.0 ] }
            }
        }
    ]
}