{
    "__comment": "Model generated using MrCrayfish's Model Creator (http://mrcrayfish.com/modelcreator/)",
    "textures": {
        "0": "blocks/farmland_wet",
        "1": "blocks/coarse_dirt",
        "2": "blocks/beetroots_stage_3",
        "3": "blocks/lava_still"
    },
    "display": {
        "head": {
        "rotation": [ 0, 0, 0 ],
        "translation": [ 10, -10, 0 ],
        "scale": [ 4, 4, 4 ]
        }
        },

    "elements": [
        {
            "name": "Body",
            "from": [ 3.0, 5.0, 6.0 ], 
            "to": [ 5.0, 7.5999999940395355, 10.0 ], 
            "faces": {
                "north": { "texture": "#0", "uv": [ 0.0, 0.0, 2.0, 2.0 ] },
                "east": { "texture": "#0", "uv": [ 0.0, 0.0, 4.0, 2.0 ] },
                "south": { "texture": "#0", "uv": [ 0.0, 0.0, 2.0, 2.0 ] },
                "west": { "texture": "#0", "uv": [ 0.0, 0.0, 4.0, 2.0 ] },
                "up": { "texture": "#0", "uv": [ 0.0, 0.0, 2.0, 4.0 ] },
                "down": { "texture": "#0", "uv": [ 0.0, 0.0, 2.0, 4.0 ] }
            }
        },
        {
            "name": "Highlight1",
            "from": [ 3.2000000029802322, 4.800000011920929, 5.700000010430813 ], 
            "to": [ 4.799999997019768, 5.4000000059604645, 9.700000025331974 ], 
            "faces": {
                "north": { "texture": "#1", "uv": [ 0.0, 0.0, 2.0, 2.0 ] },
                "east": { "texture": "#1", "uv": [ 0.0, 0.0, 4.0, 2.0 ] },
                "south": { "texture": "#1", "uv": [ 0.0, 0.0, 2.0, 2.0 ] },
                "west": { "texture": "#1", "uv": [ 0.0, 0.0, 4.0, 2.0 ] },
                "up": { "texture": "#1", "uv": [ 0.0, 0.0, 2.0, 4.0 ] },
                "down": { "texture": "#1", "uv": [ 0.0, 0.0, 2.0, 4.0 ] }
            }
        },
        {
            "name": "Hind",
            "from": [ 3.2000000029802322, 5.0, 10.0 ], 
            "to": [ 4.800000011920929, 7.200000002980232, 13.0 ], 
            "faces": {
                "north": { "texture": "#0", "uv": [ 0.0, 0.0, 2.0, 2.0 ] },
                "east": { "texture": "#0", "uv": [ 0.0, 0.0, 4.0, 2.0 ] },
                "south": { "texture": "#0", "uv": [ 0.0, 0.0, 2.0, 2.0 ] },
                "west": { "texture": "#0", "uv": [ 0.0, 0.0, 4.0, 2.0 ] },
                "up": { "texture": "#0", "uv": [ 0.0, 0.0, 2.0, 4.0 ] },
                "down": { "texture": "#0", "uv": [ 0.0, 0.0, 2.0, 4.0 ] }
            }
        },
        {
            "name": "Tail1",
            "from": [ 5.300000004470348, 5.0, 13.200000002980232 ], 
            "to": [ 6.500000007450581, 6.200000002980232, 15.200000002980232 ], 
            "rotation": { "origin": [ 8.0, 8.0, 8.0 ], "axis": "y", "angle": -22.5 },
            "faces": {
                "north": { "texture": "#0", "uv": [ 0.0, 0.0, 2.0, 2.0 ] },
                "east": { "texture": "#0", "uv": [ 0.0, 0.0, 4.0, 2.0 ] },
                "south": { "texture": "#0", "uv": [ 0.0, 0.0, 2.0, 2.0 ] },
                "west": { "texture": "#0", "uv": [ 0.0, 0.0, 4.0, 2.0 ] },
                "up": { "texture": "#0", "uv": [ 0.0, 0.0, 2.0, 4.0 ] },
                "down": { "texture": "#0", "uv": [ 0.0, 0.0, 2.0, 4.0 ] }
            }
        },
        {
            "name": "Tail2",
            "from": [ 8.300000004470348, 4.300000004470348, 14.999999985098839 ], 
            "to": [ 9.100000001490116, 5.100000001490116, 15.899999983608723 ], 
            "rotation": { "origin": [ 8.0, 8.0, 8.0 ], "axis": "y", "angle": -45.0 },
            "faces": {
                "north": { "texture": "#0", "uv": [ 0.0, 0.0, 2.0, 2.0 ] },
                "east": { "texture": "#0", "uv": [ 0.0, 0.0, 4.0, 2.0 ] },
                "south": { "texture": "#0", "uv": [ 0.0, 0.0, 2.0, 2.0 ] },
                "west": { "texture": "#0", "uv": [ 0.0, 0.0, 4.0, 2.0 ] },
                "up": { "texture": "#0", "uv": [ 0.0, 0.0, 2.0, 4.0 ] },
                "down": { "texture": "#0", "uv": [ 0.0, 0.0, 2.0, 4.0 ] }
            }
        },
        {
            "name": "Neck",
            "from": [ 3.2000000029802322, 4.5999999940395355, 6.0 ], 
            "to": [ 4.799999997019768, 6.399999991059303, 9.199999988079071 ], 
            "rotation": { "origin": [ 8.0, 8.0, 8.0 ], "axis": "x", "angle": 45.0 },
            "faces": {
                "north": { "texture": "#0", "uv": [ 0.0, 0.0, 2.0, 2.0 ] },
                "east": { "texture": "#0", "uv": [ 0.0, 0.0, 4.0, 2.0 ] },
                "south": { "texture": "#0", "uv": [ 0.0, 0.0, 2.0, 2.0 ] },
                "west": { "texture": "#0", "uv": [ 0.0, 0.0, 4.0, 2.0 ] },
                "up": { "texture": "#0", "uv": [ 0.0, 0.0, 2.0, 4.0 ] },
                "down": { "texture": "#0", "uv": [ 0.0, 0.0, 2.0, 4.0 ] }
            }
        },
        {
            "name": "NeckH",
            "from": [ 3.4000000059604645, 4.3000000193715096, 5.700000010430813 ], 
            "to": [ 4.5999999940395355, 5.700000010430813, 8.600000038743019 ], 
            "rotation": { "origin": [ 8.0, 8.0, 8.0 ], "axis": "x", "angle": 45.0 },
            "faces": {
                "north": { "texture": "#1", "uv": [ 0.0, 0.0, 2.0, 2.0 ] },
                "east": { "texture": "#1", "uv": [ 0.0, 0.0, 4.0, 2.0 ] },
                "south": { "texture": "#1", "uv": [ 0.0, 0.0, 2.0, 2.0 ] },
                "west": { "texture": "#1", "uv": [ 0.0, 0.0, 4.0, 2.0 ] },
                "up": { "texture": "#1", "uv": [ 0.0, 0.0, 2.0, 4.0 ] },
                "down": { "texture": "#1", "uv": [ 0.0, 0.0, 2.0, 4.0 ] }
            }
        },
        {
            "name": "Head",
            "from": [ 3.0, 8.0, 1.0 ], 
            "to": [ 5.0, 9.600000008940697, 5.300000004470348 ], 
            "rotation": { "origin": [ 8.0, 8.0, 8.0 ], "axis": "x", "angle": -22.5 },
            "faces": {
                "north": { "texture": "#0", "uv": [ 4.0, 3.0, 11.0, 11.0 ] },
                "east": { "texture": "#0", "uv": [ 2.0, 6.0, 9.0, 11.0 ] },
                "south": { "texture": "#0", "uv": [ 6.0, 5.0, 11.0, 12.0 ] },
                "west": { "texture": "#0", "uv": [ 5.0, 6.0, 9.0, 8.0 ] },
                "up": { "texture": "#0", "uv": [ 6.0, 4.0, 12.0, 16.0 ] },
                "down": { "texture": "#0", "uv": [ 5.0, 4.0, 9.0, 9.0 ] }
            }
        },
        {
            "name": "Horn2",
            "from": [ 4.900000007450581, 9.30000001937151, 4.499999992549419 ], 
            "to": [ 5.299999983608723, 9.700000010430813, 5.4000000059604645 ], 
            "rotation": { "origin": [ 8.0, 8.0, 8.0 ], "axis": "x", "angle": -22.5 },
            "faces": {
                "north": { "texture": "#1", "uv": [ 0.0, 0.0, 2.0, 2.0 ] },
                "east": { "texture": "#1", "uv": [ 0.0, 0.0, 4.0, 2.0 ] },
                "south": { "texture": "#1", "uv": [ 0.0, 0.0, 2.0, 2.0 ] },
                "west": { "texture": "#1", "uv": [ 0.0, 0.0, 4.0, 2.0 ] },
                "up": { "texture": "#1", "uv": [ 0.0, 0.0, 2.0, 4.0 ] },
                "down": { "texture": "#1", "uv": [ 0.0, 0.0, 2.0, 4.0 ] }
            }
        },
        {
            "name": "HeadArmor1",
            "from": [ 3.5999999940395355, 9.300000004470348, 2.9999999701976776 ], 
            "to": [ 4.399999976158142, 9.699999995529652, 4.899999983608723 ], 
            "rotation": { "origin": [ 8.0, 8.0, 8.0 ], "axis": "x", "angle": -22.5 },
            "faces": {
                "north": { "texture": "#1", "uv": [ 0.0, 0.0, 2.0, 2.0 ] },
                "east": { "texture": "#1", "uv": [ 0.0, 0.0, 4.0, 2.0 ] },
                "south": { "texture": "#1", "uv": [ 0.0, 0.0, 2.0, 2.0 ] },
                "west": { "texture": "#1", "uv": [ 0.0, 0.0, 4.0, 2.0 ] },
                "up": { "texture": "#1", "uv": [ 0.0, 0.0, 2.0, 4.0 ] },
                "down": { "texture": "#1", "uv": [ 0.0, 0.0, 2.0, 4.0 ] }
            }
        },
        {
            "name": "Eye1",
            "from": [ 4.999999985098839, 9.100000001490116, 3.0999999716877937 ], 
            "to": [ 5.199999958276749, 9.299999989569187, 3.6999999806284904 ], 
            "rotation": { "origin": [ 8.0, 8.0, 8.0 ], "axis": "x", "angle": -22.5 },
            "faces": {
                "north": { "texture": "#2", "uv": [ 3.0, 14.0, 5.0, 16.0 ] },
                "east": { "texture": "#2", "uv": [ 6.0, 14.0, 10.0, 16.0 ] },
                "south": { "texture": "#2", "uv": [ 5.0, 14.0, 7.0, 16.0 ] },
                "west": { "texture": "#2", "uv": [ 6.0, 14.0, 10.0, 16.0 ] },
                "up": { "texture": "#2", "uv": [ 3.0, 12.0, 5.0, 16.0 ] },
                "down": { "texture": "#2", "uv": [ 7.0, 11.0, 9.0, 15.0 ] }
            }
        },
        {
            "name": "FrontLeg1",
            "from": [ 4.600000023841858, 3.299999989569187, 8.0 ], 
            "to": [ 5.600000008940697, 6.200000002980232, 9.399999961256981 ], 
            "rotation": { "origin": [ 8.0, 8.0, 8.0 ], "axis": "x", "angle": 22.5 },
            "faces": {
                "north": { "texture": "#0", "uv": [ 0.0, 0.0, 2.0, 2.0 ] },
                "east": { "texture": "#0", "uv": [ 0.0, 0.0, 4.0, 2.0 ] },
                "south": { "texture": "#0", "uv": [ 0.0, 0.0, 2.0, 2.0 ] },
                "west": { "texture": "#0", "uv": [ 0.0, 0.0, 4.0, 2.0 ] },
                "up": { "texture": "#0", "uv": [ 0.0, 0.0, 2.0, 4.0 ] },
                "down": { "texture": "#0", "uv": [ 0.0, 0.0, 2.0, 4.0 ] }
            }
        },
        {
            "name": "BackLeg1",
            "from": [ 2.600000023841858, 4.399999991059303, 12.299999989569187 ], 
            "to": [ 3.6000000089406967, 7.300000004470348, 13.799999952316284 ], 
            "rotation": { "origin": [ 8.0, 8.0, 8.0 ], "axis": "x", "angle": 22.5 },
            "faces": {
                "north": { "texture": "#0", "uv": [ 0.0, 0.0, 2.0, 2.0 ] },
                "east": { "texture": "#0", "uv": [ 0.0, 0.0, 4.0, 2.0 ] },
                "south": { "texture": "#0", "uv": [ 0.0, 0.0, 2.0, 2.0 ] },
                "west": { "texture": "#0", "uv": [ 0.0, 0.0, 4.0, 2.0 ] },
                "up": { "texture": "#0", "uv": [ 0.0, 0.0, 2.0, 4.0 ] },
                "down": { "texture": "#0", "uv": [ 0.0, 0.0, 2.0, 4.0 ] }
            }
        },
        {
            "name": "FrontLeg2",
            "from": [ 2.600000023841858, 3.999999985098839, 5.299999989569187 ], 
            "to": [ 3.6000000089406967, 6.699999995529652, 6.799999952316284 ], 
            "rotation": { "origin": [ 8.0, 8.0, 8.0 ], "axis": "x", "angle": -22.5 },
            "faces": {
                "north": { "texture": "#0", "uv": [ 0.0, 0.0, 2.0, 2.0 ] },
                "east": { "texture": "#0", "uv": [ 0.0, 0.0, 4.0, 2.0 ] },
                "south": { "texture": "#0", "uv": [ 0.0, 0.0, 2.0, 2.0 ] },
                "west": { "texture": "#0", "uv": [ 0.0, 0.0, 4.0, 2.0 ] },
                "up": { "texture": "#0", "uv": [ 0.0, 0.0, 2.0, 4.0 ] },
                "down": { "texture": "#0", "uv": [ 0.0, 0.0, 2.0, 4.0 ] }
            }
        },
        {
            "name": "BackLeg2",
            "from": [ 4.600000023841858, 1.6000000089406967, 9.799999982118607 ], 
            "to": [ 5.600000008940697, 4.600000023841858, 11.299999944865704 ], 
            "rotation": { "origin": [ 8.0, 8.0, 8.0 ], "axis": "x", "angle": -22.5 },
            "faces": {
                "north": { "texture": "#0", "uv": [ 0.0, 0.0, 2.0, 2.0 ] },
                "east": { "texture": "#0", "uv": [ 0.0, 0.0, 4.0, 2.0 ] },
                "south": { "texture": "#0", "uv": [ 0.0, 0.0, 2.0, 2.0 ] },
                "west": { "texture": "#0", "uv": [ 0.0, 0.0, 4.0, 2.0 ] },
                "up": { "texture": "#0", "uv": [ 0.0, 0.0, 2.0, 4.0 ] },
                "down": { "texture": "#0", "uv": [ 0.0, 0.0, 2.0, 4.0 ] }
            }
        },
        {
            "name": "BackLegLeg3",
            "from": [ 2.600000023841858, 0.10000000149011612, 8.699999995529652 ], 
            "to": [ 3.5000000074505806, 2.100000001490116, 9.599999949336052 ], 
            "rotation": { "origin": [ 8.0, 8.0, 8.0 ], "axis": "x", "angle": -22.5 },
            "faces": {
                "north": { "texture": "#1", "uv": [ 0.0, 0.0, 2.0, 2.0 ] },
                "east": { "texture": "#1", "uv": [ 0.0, 0.0, 4.0, 2.0 ] },
                "south": { "texture": "#1", "uv": [ 0.0, 0.0, 2.0, 2.0 ] },
                "west": { "texture": "#1", "uv": [ 0.0, 0.0, 4.0, 2.0 ] },
                "up": { "texture": "#1", "uv": [ 0.0, 0.0, 2.0, 4.0 ] },
                "down": { "texture": "#1", "uv": [ 0.0, 0.0, 2.0, 4.0 ] }
            }
        },
        {
            "name": "BackLeg4",
            "from": [ 4.600000023841858, -0.9000000134110451, 7.699999995529652 ], 
            "to": [ 5.500000007450581, 1.099999986588955, 8.599999949336052 ], 
            "rotation": { "origin": [ 8.0, 8.0, 8.0 ], "axis": "x", "angle": -45.0 },
            "faces": {
                "north": { "texture": "#1", "uv": [ 0.0, 0.0, 2.0, 2.0 ] },
                "east": { "texture": "#1", "uv": [ 0.0, 0.0, 4.0, 2.0 ] },
                "south": { "texture": "#1", "uv": [ 0.0, 0.0, 2.0, 2.0 ] },
                "west": { "texture": "#1", "uv": [ 0.0, 0.0, 4.0, 2.0 ] },
                "up": { "texture": "#1", "uv": [ 0.0, 0.0, 2.0, 4.0 ] },
                "down": { "texture": "#1", "uv": [ 0.0, 0.0, 2.0, 4.0 ] }
            }
        },
        {
            "name": "FrontLeg3",
            "from": [ 4.600000023841858, 0.9999999850988388, 9.900000028312206 ], 
            "to": [ 5.300000004470348, 4.0, 11.099999986588955 ], 
            "rotation": { "origin": [ 8.0, 8.0, 8.0 ], "axis": "x", "angle": 45.0 },
            "faces": {
                "north": { "texture": "#0", "uv": [ 0.0, 0.0, 2.0, 2.0 ] },
                "east": { "texture": "#0", "uv": [ 0.0, 0.0, 4.0, 2.0 ] },
                "south": { "texture": "#0", "uv": [ 0.0, 0.0, 2.0, 2.0 ] },
                "west": { "texture": "#0", "uv": [ 0.0, 0.0, 4.0, 2.0 ] },
                "up": { "texture": "#0", "uv": [ 0.0, 0.0, 2.0, 4.0 ] },
                "down": { "texture": "#0", "uv": [ 0.0, 0.0, 2.0, 4.0 ] }
            }
        },
        {
            "name": "FrontLeg4",
            "from": [ 2.600000023841858, 1.0000000149011612, 9.000000014901161 ], 
            "to": [ 3.3000000044703484, 4.000000029802322, 10.19999997317791 ], 
            "rotation": { "origin": [ 8.0, 8.0, 8.0 ], "axis": "x", "angle": 22.5 },
            "faces": {
                "north": { "texture": "#0", "uv": [ 0.0, 0.0, 2.0, 2.0 ] },
                "east": { "texture": "#0", "uv": [ 0.0, 0.0, 4.0, 2.0 ] },
                "south": { "texture": "#0", "uv": [ 0.0, 0.0, 2.0, 2.0 ] },
                "west": { "texture": "#0", "uv": [ 0.0, 0.0, 4.0, 2.0 ] },
                "up": { "texture": "#0", "uv": [ 0.0, 0.0, 2.0, 4.0 ] },
                "down": { "texture": "#0", "uv": [ 0.0, 0.0, 2.0, 4.0 ] }
            }
        },
        {
            "name": "BackSpike1",
            "from": [ 3.5999999940395355, 7.500000007450581, 4.499999962747097 ], 
            "to": [ 4.399999976158142, 7.899999998509884, 6.399999976158142 ], 
            "rotation": { "origin": [ 8.0, 8.0, 8.0 ], "axis": "x", "angle": -22.5 },
            "faces": {
                "north": { "texture": "#3", "uv": [ 0.0, 0.0, 2.0, 2.0 ] },
                "east": { "texture": "#3", "uv": [ 0.0, 0.0, 4.0, 2.0 ] },
                "south": { "texture": "#3", "uv": [ 0.0, 0.0, 2.0, 2.0 ] },
                "west": { "texture": "#3", "uv": [ 0.0, 0.0, 4.0, 2.0 ] },
                "up": { "texture": "#3", "uv": [ 0.0, 0.0, 2.0, 4.0 ] },
                "down": { "texture": "#3", "uv": [ 0.0, 0.0, 2.0, 4.0 ] }
            }
        },
        {
            "name": "BackSpike2",
            "from": [ 3.5999999940395355, 6.200000002980232, 5.499999962747097 ], 
            "to": [ 4.399999976158142, 6.5999999940395355, 7.399999976158142 ], 
            "rotation": { "origin": [ 8.0, 8.0, 8.0 ], "axis": "x", "angle": -22.5 },
            "faces": {
                "north": { "texture": "#3", "uv": [ 0.0, 0.0, 2.0, 2.0 ] },
                "east": { "texture": "#3", "uv": [ 0.0, 0.0, 4.0, 2.0 ] },
                "south": { "texture": "#3", "uv": [ 0.0, 0.0, 2.0, 2.0 ] },
                "west": { "texture": "#3", "uv": [ 0.0, 0.0, 4.0, 2.0 ] },
                "up": { "texture": "#3", "uv": [ 0.0, 0.0, 2.0, 4.0 ] },
                "down": { "texture": "#3", "uv": [ 0.0, 0.0, 2.0, 4.0 ] }
            }
        },
        {
            "name": "TailSpike",
            "from": [ 8.199999988079071, 3.2000000029802322, 15.39999994635582 ], 
            "to": [ 8.799999967217445, 4.399999991059303, 15.999999955296516 ], 
            "rotation": { "origin": [ 8.0, 8.0, 8.0 ], "axis": "y", "angle": -45.0 },
            "faces": {
                "north": { "texture": "#1", "uv": [ 0.0, 0.0, 2.0, 2.0 ] },
                "east": { "texture": "#1", "uv": [ 0.0, 0.0, 4.0, 2.0 ] },
                "south": { "texture": "#1", "uv": [ 0.0, 0.0, 2.0, 2.0 ] },
                "west": { "texture": "#1", "uv": [ 0.0, 0.0, 4.0, 2.0 ] },
                "up": { "texture": "#1", "uv": [ 0.0, 0.0, 2.0, 4.0 ] },
                "down": { "texture": "#1", "uv": [ 0.0, 0.0, 2.0, 4.0 ] }
            }
        },
        {
            "name": "Ear2",
            "from": [ 2.900000007450581, 9.30000001937151, 4.499999992549419 ], 
            "to": [ 3.299999983608723, 9.700000010430813, 5.4000000059604645 ], 
            "rotation": { "origin": [ 8.0, 8.0, 8.0 ], "axis": "x", "angle": -22.5 },
            "faces": {
                "north": { "texture": "#1", "uv": [ 0.0, 0.0, 2.0, 2.0 ] },
                "east": { "texture": "#1", "uv": [ 0.0, 0.0, 4.0, 2.0 ] },
                "south": { "texture": "#1", "uv": [ 0.0, 0.0, 2.0, 2.0 ] },
                "west": { "texture": "#1", "uv": [ 0.0, 0.0, 4.0, 2.0 ] },
                "up": { "texture": "#1", "uv": [ 0.0, 0.0, 2.0, 4.0 ] },
                "down": { "texture": "#1", "uv": [ 0.0, 0.0, 2.0, 4.0 ] }
            }
        },
        {
            "name": "Eye2",
            "from": [ 2.8999999836087227, 9.100000001490116, 3.0999999716877937 ], 
            "to": [ 3.0999999567866325, 9.299999989569187, 3.6999999806284904 ], 
            "rotation": { "origin": [ 8.0, 8.0, 8.0 ], "axis": "x", "angle": -22.5 },
            "faces": {
                "north": { "texture": "#2", "uv": [ 3.0, 14.0, 5.0, 16.0 ] },
                "east": { "texture": "#2", "uv": [ 6.0, 14.0, 10.0, 16.0 ] },
                "south": { "texture": "#2", "uv": [ 3.0, 12.0, 5.0, 14.0 ] },
                "west": { "texture": "#2", "uv": [ 5.0, 14.0, 9.0, 16.0 ] },
                "up": { "texture": "#2", "uv": [ 3.0, 12.0, 5.0, 16.0 ] },
                "down": { "texture": "#2", "uv": [ 7.0, 11.0, 9.0, 15.0 ] }
            }
        }
    ]
}