{
    "__comment": "Model generated using MrCrayfish's Model Creator (http://mrcrayfish.com/modelcreator/)",
    "textures": {
        "0": "blocks/coal_block",
        "1": "blocks/hardened_clay_stained_black",
        "2": "blocks/anvil_top_damaged_2"
    },
    "elements": [
        {
            "name": "Guard1",
            "from": [ 7.0, 8.0, 7.899999998509884 ], 
            "to": [ 8.0, 11.0, 10.100000001490116 ], 
            "faces": {
                "north": { "texture": "#0", "uv": [ 0.0, 0.0, 3.0, 3.0 ] },
                "east": { "texture": "#0", "uv": [ 0.0, 0.0, 14.0, 13.0 ] },
                "south": { "texture": "#0", "uv": [ 0.0, 0.0, 1.0, 1.0 ] },
                "west": { "texture": "#0", "uv": [ 2.0, 4.0, 16.0, 16.0 ] },
                "up": { "texture": "#0", "uv": [ 0.0, 2.0, 9.0, 16.0 ] },
                "down": { "texture": "#0", "uv": [ 0.0, 0.0, 11.0, 14.0 ] }
            }
        },
        {
            "name": "Guard 3",
            "from": [ 7.100000001490116, 8.9, 6.299999998509884 ], 
            "to": [ 7.899999998509884, 9.699999997019768, 11.799999991059304 ], 
            "faces": {
                "north": { "texture": "#0", "uv": [ 0.0, 0.0, 5.0, 4.0 ] },
                "east": { "texture": "#0", "uv": [ 1.0, 0.0, 16.0, 14.0 ] },
                "south": { "texture": "#0", "uv": [ 0.0, 0.0, 6.0, 6.0 ] },
                "west": { "texture": "#0", "uv": [ 3.0, 3.0, 16.0, 15.0 ] },
                "up": { "texture": "#0", "uv": [ 0.0, 0.0, 8.0, 11.0 ] },
                "down": { "texture": "#0", "uv": [ 0.0, 0.0, 8.0, 15.0 ] }
            }
        },
        {
            "name": "Blade1",
            "from": [ 7.4, 8.0, 8.0 ], 
            "to": [ 7.6000000000000005, 25.0, 10.0 ], 
            "faces": {
                "north": { "texture": "#1", "uv": [ 0.0, 0.0, 4.2, 17.0 ] },
                "east": { "texture": "#1", "uv": [ 3.0, 0.0, 11.0, 16.0 ] },
                "south": { "texture": "#1", "uv": [ 0.0, 0.0, 8.2, 16.0 ] },
                "west": { "texture": "#1", "uv": [ 6.0, 0.0, 15.0, 16.0 ] },
                "up": { "texture": "#1", "uv": [ 0.0, 0.0, 6.2, 7.0 ] },
                "down": { "texture": "#1", "uv": [ 0.0, 0.0, 5.2, 7.0 ] }
            }
        },
        {
            "name": "Blade2",
            "from": [ 7.4, 25.0, 8.2 ], 
            "to": [ 7.6000000000000005, 27.0, 9.799999999999999 ], 
            "faces": {
                "north": { "texture": "#1", "uv": [ 0.0, 0.0, 7.2, 10.0 ] },
                "east": { "texture": "#1", "uv": [ 0.0, 0.0, 5.6, 9.0 ] },
                "south": { "texture": "#1", "uv": [ 0.0, 0.0, 4.2, 10.0 ] },
                "west": { "texture": "#1", "uv": [ 0.0, 0.0, 10.6, 4.0 ] },
                "up": { "texture": "#1", "uv": [ 0.0, 0.0, 6.2, 9.6 ] },
                "down": { "texture": "#1", "uv": [ 0.0, 0.0, 3.2, 7.6 ] }
            }
        },
        {
            "name": "Blade3",
            "from": [ 7.4, 27.0, 8.4 ], 
            "to": [ 7.6000000000000005, 28.400000005960464, 9.6 ], 
            "faces": {
                "north": { "texture": "#1", "uv": [ 0.0, 0.0, 5.2, 8.0 ] },
                "east": { "texture": "#1", "uv": [ 0.0, 0.0, 6.2, 6.0 ] },
                "south": { "texture": "#1", "uv": [ 0.0, 0.0, 7.2, 7.0 ] },
                "west": { "texture": "#1", "uv": [ 0.0, 0.0, 6.2, 5.0 ] },
                "up": { "texture": "#1", "uv": [ 0.0, 0.0, 9.2, 9.2 ] },
                "down": { "texture": "#1", "uv": [ 0.0, 0.0, 9.2, 10.2 ] }
            }
        },
        {
            "name": "Handle1",
            "from": [ 7.0, 3.0, 8.5 ], 
            "to": [ 7.8, 8.0, 9.3 ], 
            "faces": {
                "north": { "texture": "#2", "uv": [ 8.0, 1.0, 11.8, 11.0 ] },
                "east": { "texture": "#2", "uv": [ 4.0, 3.0, 7.8, 12.0 ] },
                "south": { "texture": "#2", "uv": [ 3.0, 1.0, 9.8, 15.0 ] },
                "west": { "texture": "#2", "uv": [ 5.0, 1.0, 8.8, 11.0 ] },
                "up": { "texture": "#2", "uv": [ 4.0, 1.0, 12.8, 8.8 ] },
                "down": { "texture": "#2", "uv": [ 5.0, 1.0, 10.8, 6.8 ] }
            }
        },
        {
            "name": "Pommel1",
            "from": [ 6.8, 2.0, 8.3 ], 
            "to": [ 8.0, 3.2, 9.5 ], 
            "faces": {
                "north": { "texture": "#0", "uv": [ 5.0, 5.0, 10.2, 9.2 ] },
                "east": { "texture": "#0", "uv": [ 4.0, 3.0, 11.2, 9.2 ] },
                "south": { "texture": "#0", "uv": [ 6.0, 5.0, 12.2, 10.2 ] },
                "west": { "texture": "#0", "uv": [ 5.0, 5.0, 12.2, 12.2 ] },
                "up": { "texture": "#0", "uv": [ 5.0, 4.0, 12.2, 10.2 ] },
                "down": { "texture": "#0", "uv": [ 5.0, 5.0, 9.2, 9.2 ] }
            }
        },
        {
            "name": "Pommel2",
            "from": [ 6.8, 2.5, 8.3 ], 
            "to": [ 8.0, 3.7, 9.5 ], 
            "rotation": { "origin": [ 7.4, 8.0, 9.0 ], "axis": "y", "angle": 45.0 },
            "faces": {
                "north": { "texture": "#2", "uv": [ 5.0, 4.0, 11.2, 6.2 ] },
                "east": { "texture": "#2", "uv": [ 4.0, 3.0, 7.199999999999999, 11.2 ] },
                "south": { "texture": "#2", "uv": [ 5.0, 6.0, 6.2, 7.2 ] },
                "west": { "texture": "#2", "uv": [ 6.0, 2.0, 9.2, 5.2 ] },
                "up": { "texture": "#2", "uv": [ 8.0, 3.0, 12.2, 7.2 ] },
                "down": { "texture": "#2", "uv": [ 6.0, 9.0, 10.2, 12.2 ] }
            }
        }
    ]
}