{
    "__comment": "Model generated using MrCrayfish's Model Creator (http://mrcrayfish.com/modelcreator/)",
    "textures": {
        "0": "blocks/anvil_base",
        "1": "blocks/log_birch_top",
        "2": "blocks/redstone_block",
        "3": "blocks/iron_block"
    },
    "elements": [
        {
            "name": "Handle",
            "from": [ 7.6, 3.0, 8.5 ], 
            "to": [ 8.4, 14.0, 9.3 ], 
            "faces": {
                "north": { "texture": "#0", "uv": [ 5.0, 0.0, 6.8, 16.0 ] },
                "east": { "texture": "#0", "uv": [ 3.0, 0.0, 5.8, 16.0 ] },
                "south": { "texture": "#0", "uv": [ 3.0, 0.0, 4.8, 14.0 ] },
                "west": { "texture": "#0", "uv": [ 5.0, 0.0, 6.8, 15.0 ] },
                "up": { "texture": "#0", "uv": [ 0.0, 0.0, 1.8, 1.8 ] },
                "down": { "texture": "#1", "uv": [ 0.0, 0.0, 2.8, 1.8 ] }
            }
        },
        {
            "name": "Top",
            "from": [ 7.5, 14.0, 6.9 ], 
            "to": [ 8.5, 20.0, 10.9 ], 
            "faces": {
                "north": { "texture": "#0", "uv": [ 0.0, 0.0, 3.0, 6.0 ] },
                "east": { "texture": "#0", "uv": [ 0.0, 0.0, 9.0, 8.0 ] },
                "south": { "texture": "#0", "uv": [ 0.0, 0.0, 5.0, 9.0 ] },
                "west": { "texture": "#0", "uv": [ 0.0, 0.0, 14.0, 9.0 ] },
                "up": { "texture": "#0", "uv": [ 0.0, 0.0, 3.0, 9.0 ] },
                "down": { "texture": "#0", "uv": [ 0.0, 0.0, 8.0, 8.0 ] }
            }
        },
        {
            "name": "Blade1.1",
            "from": [ 7.9, 18.299999994039535, 11.2 ], 
            "to": [ 8.1, 22.899999994039533, 12.599999991059303 ], 
            "rotation": { "origin": [ 8.0, 8.0, 8.0 ], "axis": "x", "angle": -22.5 },
            "faces": {
                "north": { "texture": "#2", "uv": [ 4.0, 3.0, 7.2, 11.6 ] },
                "east": { "texture": "#2", "uv": [ 6.0, 4.0, 8.0, 6.6 ] },
                "south": { "texture": "#2", "uv": [ 0.0, 0.0, 0.2, 3.6 ] },
                "west": { "texture": "#2", "uv": [ 5.0, 4.0, 7.0, 6.6 ] },
                "up": { "texture": "#2", "uv": [ 0.0, 0.0, 0.2, 2.0 ] },
                "down": { "texture": "#2", "uv": [ 0.0, 0.0, 0.2, 2.0 ] }
            }
        },
        {
            "name": "Blade1.2",
            "from": [ 7.9, 22.19999999254942, 4.999999992549419 ], 
            "to": [ 8.1, 25.799999992549417, 6.999999992549419 ], 
            "faces": {
                "north": { "texture": "#2", "uv": [ 8.0, 4.0, 11.2, 6.6 ] },
                "east": { "texture": "#2", "uv": [ 6.0, 6.0, 11.0, 8.6 ] },
                "south": { "texture": "#2", "uv": [ 0.0, 0.0, 0.2, 3.6 ] },
                "west": { "texture": "#2", "uv": [ 3.0, 4.0, 6.0, 6.6 ] },
                "up": { "texture": "#2", "uv": [ 7.0, 4.0, 7.2, 6.0 ] },
                "down": { "texture": "#2", "uv": [ 6.0, 4.0, 6.2, 6.0 ] }
            }
        },
        {
            "name": "Blade1.3",
            "from": [ 7.9, 18.600000005960464, -1.6000000089406967 ], 
            "to": [ 8.1, 23.20000000596046, -0.3000000089406969 ], 
            "rotation": { "origin": [ 8.0, 8.0, 8.0 ], "axis": "x", "angle": 22.5 },
            "faces": {
                "north": { "texture": "#2", "uv": [ 5.0, 4.0, 9.2, 7.6 ] },
                "east": { "texture": "#2", "uv": [ 6.0, 5.0, 7.3, 9.6 ] },
                "south": { "texture": "#2", "uv": [ 6.0, 3.0, 6.2, 7.6 ] },
                "west": { "texture": "#2", "uv": [ 3.0, 5.0, 4.3, 9.6 ] },
                "up": { "texture": "#2", "uv": [ 0.0, 0.0, 0.2, 1.3 ] },
                "down": { "texture": "#2", "uv": [ 0.0, 0.0, 0.2, 1.3 ] }
            }
        },
        {
            "name": "Blade1.4",
            "from": [ 7.9, 12.2, 3.3000000000000007 ], 
            "to": [ 8.1, 21.799999999999997, 4.300000000000001 ], 
            "faces": {
                "north": { "texture": "#2", "uv": [ 8.0, 2.0, 8.2, 6.6 ] },
                "east": { "texture": "#2", "uv": [ 8.0, 4.0, 10.0, 9.6 ] },
                "south": { "texture": "#2", "uv": [ 7.0, 3.0, 7.2, 7.6 ] },
                "west": { "texture": "#2", "uv": [ 7.0, 4.0, 8.0, 8.6 ] },
                "up": { "texture": "#2", "uv": [ 7.0, 6.0, 7.2, 7.0 ] },
                "down": { "texture": "#2", "uv": [ 9.0, 5.0, 9.2, 6.0 ] }
            }
        },
        {
            "name": "Blade1.5",
            "from": [ 7.9, 7.699999999999999, 2.3000000000000007 ], 
            "to": [ 8.1, 13.299999999999997, 3.3000000000000007 ], 
            "rotation": { "origin": [ 8.0, 8.0, 8.0 ], "axis": "x", "angle": 45.0 },
            "faces": {
                "north": { "texture": "#2", "uv": [ 8.0, 7.0, 8.2, 12.6 ] },
                "east": { "texture": "#2", "uv": [ 6.0, 5.0, 9.0, 9.6 ] },
                "south": { "texture": "#2", "uv": [ 5.0, 4.0, 5.2, 9.6 ] },
                "west": { "texture": "#2", "uv": [ 6.0, 3.0, 8.0, 10.6 ] },
                "up": { "texture": "#2", "uv": [ 6.0, 6.0, 7.2, 10.0 ] },
                "down": { "texture": "#2", "uv": [ 4.0, 4.0, 4.2, 5.0 ] }
            }
        },
        {
            "name": "Blade1.6",
            "from": [ 7.9, 6.7000000149011605, 3.3000000044703484 ], 
            "to": [ 8.1, 12.300000014901158, 4.300000004470348 ], 
            "faces": {
                "north": { "texture": "#2", "uv": [ 7.0, 2.0, 7.2, 7.6 ] },
                "east": { "texture": "#2", "uv": [ 6.0, 6.0, 9.0, 12.6 ] },
                "south": { "texture": "#2", "uv": [ 2.0, 2.0, 2.2, 7.6 ] },
                "west": { "texture": "#2", "uv": [ 6.0, 5.0, 9.0, 11.6 ] },
                "up": { "texture": "#2", "uv": [ 6.0, 4.0, 6.2, 5.0 ] },
                "down": { "texture": "#3", "uv": [ 5.0, 2.0, 5.2, 3.0 ] }
            }
        },
        {
            "name": "Pommel",
            "from": [ 7.3, 2.0, 8.2 ], 
            "to": [ 8.7, 3.0, 9.6 ], 
            "faces": {
                "north": { "texture": "#2", "uv": [ 6.0, 6.0, 10.4, 10.0 ] },
                "east": { "texture": "#2", "uv": [ 6.0, 6.0, 10.4, 10.0 ] },
                "south": { "texture": "#2", "uv": [ 6.0, 6.0, 10.4, 10.0 ] },
                "west": { "texture": "#2", "uv": [ 6.0, 6.0, 10.4, 10.0 ] },
                "up": { "texture": "#2", "uv": [ 5.0, 5.0, 11.4, 11.4 ] },
                "down": { "texture": "#2", "uv": [ 5.0, 5.0, 11.4, 11.4 ] }
            }
        },
        {
            "name": "Top",
            "from": [ 7.3, 11.0, 8.2 ], 
            "to": [ 8.7, 12.0, 9.6 ], 
            "faces": {
                "north": { "texture": "#2", "uv": [ 6.0, 6.0, 10.4, 10.0 ] },
                "east": { "texture": "#2", "uv": [ 6.0, 6.0, 10.4, 10.0 ] },
                "south": { "texture": "#2", "uv": [ 6.0, 6.0, 10.4, 10.0 ] },
                "west": { "texture": "#2", "uv": [ 6.0, 6.0, 10.4, 10.0 ] },
                "up": { "texture": "#2", "uv": [ 5.0, 5.0, 11.4, 11.4 ] },
                "down": { "texture": "#2", "uv": [ 5.0, 5.0, 11.4, 11.4 ] }
            }
        },
        {
            "name": "Top2",
            "from": [ 7.3, 15.0, 8.2 ], 
            "to": [ 8.7, 18.0, 9.6 ], 
            "faces": {
                "north": { "texture": "#2", "uv": [ 6.0, 6.0, 10.4, 10.0 ] },
                "east": { "texture": "#2", "uv": [ 6.0, 6.0, 10.4, 10.0 ] },
                "south": { "texture": "#2", "uv": [ 6.0, 6.0, 10.4, 10.0 ] },
                "west": { "texture": "#2", "uv": [ 6.0, 6.0, 10.4, 10.0 ] },
                "up": { "texture": "#2", "uv": [ 5.0, 5.0, 11.4, 11.4 ] },
                "down": { "texture": "#2", "uv": [ 5.0, 5.0, 11.4, 11.4 ] }
            }
        }
    ]
}