{
    "__comment": "Model generated using MrCrayfish's Model Creator (http://mrcrayfish.com/modelcreator/)",
    "textures": {
        "0": "blocks/log_jungle",
        "1": "blocks/glass_light_blue"
    },
    "elements": [
        {
            "name": "Staff1",
            "from": [ 7.5, -2.0, 7.5 ], 
            "to": [ 8.5, 26.0, 8.5 ], 
            "faces": {
                "north": { "texture": "#0", "uv": [ 7.0, 0.0, 9.0, 12.0 ] },
                "east": { "texture": "#0", "uv": [ 0.0, 0.0, 2.0, 12.0 ] },
                "south": { "texture": "#0", "uv": [ 0.0, 0.0, 2.0, 13.0 ] },
                "west": { "texture": "#0", "uv": [ 3.0, 0.0, 5.0, 16.0 ] },
                "up": { "texture": "#0", "uv": [ 5.0, 4.0, 8.0, 7.0 ] },
                "down": { "texture": "#0", "uv": [ 5.0, 5.0, 9.0, 9.0 ] }
            }
        },
        {
            "name": "Staff2",
            "from": [ 7.5, 25.5, 8.5 ], 
            "to": [ 8.5, 26.5, 9.5 ], 
            "faces": {
                "north": { "texture": "#0", "uv": [ 0.0, 0.0, 3.0, 3.0 ] },
                "east": { "texture": "#0", "uv": [ 0.0, 0.0, 4.0, 4.0 ] },
                "south": { "texture": "#0", "uv": [ 0.0, 0.0, 3.0, 3.0 ] },
                "west": { "texture": "#0", "uv": [ 6.0, 3.0, 9.0, 6.0 ] },
                "up": { "texture": "#0", "uv": [ 2.0, 8.0, 5.0, 12.0 ] },
                "down": { "texture": "#0", "uv": [ 8.0, 3.0, 12.0, 7.0 ] }
            }
        },
        {
            "name": "Staff3",
            "from": [ 7.5, 26.0, 9.5 ], 
            "to": [ 8.5, 29.0, 10.5 ], 
            "faces": {
                "north": { "texture": "#0", "uv": [ 0.0, 0.0, 4.0, 7.0 ] },
                "east": { "texture": "#0", "uv": [ 7.0, 7.0, 12.0, 16.0 ] },
                "south": { "texture": "#0", "uv": [ 5.0, 7.0, 10.0, 15.0 ] },
                "west": { "texture": "#0", "uv": [ 1.0, 7.0, 6.0, 15.0 ] },
                "up": { "texture": "#0", "uv": [ 9.0, 6.0, 14.0, 11.0 ] },
                "down": { "texture": "#0", "uv": [ 8.0, 1.0, 13.0, 6.0 ] }
            }
        },
        {
            "name": "Staff4",
            "from": [ 7.5, 28.5, 8.5 ], 
            "to": [ 8.5, 29.5, 9.5 ], 
            "faces": {
                "north": { "texture": "#0", "uv": [ 5.0, 4.0, 9.0, 8.0 ] },
                "east": { "texture": "#0", "uv": [ 1.0, 8.0, 7.0, 13.0 ] },
                "south": { "texture": "#0", "uv": [ 2.0, 8.0, 7.0, 13.0 ] },
                "west": { "texture": "#0", "uv": [ 11.0, 1.0, 16.0, 6.0 ] },
                "up": { "texture": "#0", "uv": [ 5.0, 11.0, 9.0, 15.0 ] },
                "down": { "texture": "#0", "uv": [ 6.0, 5.0, 11.0, 10.0 ] }
            }
        },
        {
            "name": "Staff5",
            "from": [ 7.5, 29.0, 7.5 ], 
            "to": [ 8.5, 30.0, 8.5 ], 
            "faces": {
                "north": { "texture": "#0", "uv": [ 4.0, 6.0, 8.0, 10.0 ] },
                "east": { "texture": "#0", "uv": [ 3.0, 9.0, 8.0, 14.0 ] },
                "south": { "texture": "#0", "uv": [ 7.0, 8.0, 12.0, 13.0 ] },
                "west": { "texture": "#0", "uv": [ 0.0, 7.0, 6.0, 12.0 ] },
                "up": { "texture": "#0", "uv": [ 2.0, 8.0, 6.0, 13.0 ] },
                "down": { "texture": "#0", "uv": [ 8.0, 2.0, 13.0, 7.0 ] }
            }
        },
        {
            "name": "Gem1",
            "from": [ 7.3, 26.8, 7.5 ], 
            "to": [ 8.7, 28.2, 8.9 ], 
            "faces": {
                "north": { "texture": "#1", "uv": [ 0.0, 0.0, 9.4, 9.4 ] },
                "east": { "texture": "#1", "uv": [ 4.0, 5.0, 14.4, 14.4 ] },
                "south": { "texture": "#1", "uv": [ 2.0, 6.0, 10.4, 13.4 ] },
                "west": { "texture": "#1", "uv": [ 6.0, 5.0, 12.4, 11.4 ] },
                "up": { "texture": "#1", "uv": [ 2.0, 2.0, 14.4, 14.4 ] },
                "down": { "texture": "#1", "uv": [ 0.0, 0.0, 7.4, 8.4 ] }
            }
        },
        {
            "name": "Gem2",
            "from": [ 7.5, 27.0, 7.3 ], 
            "to": [ 8.5, 28.0, 7.5 ], 
            "faces": {
                "north": { "texture": "#1", "uv": [ 0.0, 0.0, 7.0, 11.0 ] },
                "east": { "texture": "#1", "uv": [ 3.0, 1.0, 14.2, 11.0 ] },
                "south": { "texture": "#1", "uv": [ 5.0, 3.0, 11.0, 12.0 ] },
                "west": { "texture": "#1", "uv": [ 0.0, 0.0, 14.2, 13.0 ] },
                "up": { "texture": "#1", "uv": [ 0.0, 0.0, 12.0, 13.2 ] },
                "down": { "texture": "#1", "uv": [ 0.0, 0.0, 7.0, 5.2 ] }
            }
        },
        {
            "name": "Gem3",
            "from": [ 8.7, 27.0, 7.6 ], 
            "to": [ 8.899999999999999, 28.0, 8.6 ], 
            "faces": {
                "north": { "texture": "#1", "uv": [ 0.0, 0.0, 12.2, 13.0 ] },
                "east": { "texture": "#1", "uv": [ 0.0, 0.0, 12.0, 14.0 ] },
                "south": { "texture": "#1", "uv": [ 0.0, 0.0, 9.2, 7.0 ] },
                "west": { "texture": "#1", "uv": [ 0.0, 0.0, 11.0, 11.0 ] },
                "up": { "texture": "#1", "uv": [ 0.0, 0.0, 8.2, 11.0 ] },
                "down": { "texture": "#1", "uv": [ 0.0, 0.0, 12.2, 9.0 ] }
            }
        },
        {
            "name": "Gem4",
            "from": [ 7.1, 27.0, 7.7 ], 
            "to": [ 7.3, 28.0, 8.7 ], 
            "faces": {
                "north": { "texture": "#1", "uv": [ 0.0, 0.0, 11.2, 9.0 ] },
                "east": { "texture": "#1", "uv": [ 0.0, 0.0, 11.0, 8.0 ] },
                "south": { "texture": "#1", "uv": [ 0.0, 0.0, 10.2, 10.0 ] },
                "west": { "texture": "#1", "uv": [ 0.0, 0.0, 11.0, 11.0 ] },
                "up": { "texture": "#1", "uv": [ 0.0, 0.0, 11.2, 8.0 ] },
                "down": { "texture": "#1", "uv": [ 0.0, 0.0, 11.2, 9.0 ] }
            }
        }
    ]
}