{
    "__comment": "Model generated using MrCrayfish's Model Creator (http://mrcrayfish.com/modelcreator/)",
    "textures": {
        "0": "blocks/hardened_clay_stained_black",
        "1": "blocks/bone_block_side"
    },
    "elements": [
        {
            "name": "Knuckle1",
            "from": [ 7.9, 4.0, 7.6 ], 
            "to": [ 8.700000000000001, 8.2, 8.6 ], 
            "faces": {
                "north": { "texture": "#0", "uv": [ 0.0, 0.0, 6.199999999999999, 14.8 ] },
                "east": { "texture": "#0", "uv": [ 0.0, 0.0, 8.0, 13.8 ] },
                "south": { "texture": "#0", "uv": [ 1.0, 2.0, 8.2, 15.8 ] },
                "west": { "texture": "#0", "uv": [ 0.0, 0.0, 9.0, 12.8 ] },
                "up": { "texture": "#0", "uv": [ 0.0, 0.0, 6.199999999999999, 6.0 ] },
                "down": { "texture": "#0", "uv": [ 2.0, 0.0, 7.199999999999999, 7.0 ] }
            }
        },
        {
            "name": "Knuckle3",
            "from": [ 8.1, 5.0, 2.0 ], 
            "to": [ 8.5, 5.2, 8.0 ], 
            "faces": {
                "north": { "texture": "#1", "uv": [ 4.0, 2.0, 9.0, 5.6 ] },
                "east": { "texture": "#1", "uv": [ 5.0, 5.0, 11.0, 8.6 ] },
                "south": { "texture": "#1", "uv": [ 4.0, 4.0, 8.0, 5.6 ] },
                "west": { "texture": "#1", "uv": [ 6.0, 7.0, 13.0, 10.6 ] },
                "up": { "texture": "#1", "uv": [ 4.0, 4.0, 9.0, 12.0 ] },
                "down": { "texture": "#1", "uv": [ 8.0, 5.0, 12.0, 12.0 ] }
            }
        },
        {
            "name": "Cube",
            "from": [ 8.1, 6.3, 2.0 ], 
            "to": [ 8.5, 6.5, 8.0 ], 
            "faces": {
                "north": { "texture": "#1", "uv": [ 4.0, 2.0, 9.0, 5.6 ] },
                "east": { "texture": "#1", "uv": [ 5.0, 5.0, 11.0, 8.6 ] },
                "south": { "texture": "#1", "uv": [ 4.0, 4.0, 8.0, 5.6 ] },
                "west": { "texture": "#1", "uv": [ 6.0, 7.0, 13.0, 10.6 ] },
                "up": { "texture": "#1", "uv": [ 4.0, 4.0, 9.0, 12.0 ] },
                "down": { "texture": "#1", "uv": [ 8.0, 5.0, 12.0, 12.0 ] }
            }
        },
        {
            "name": "Cube",
            "from": [ 8.1, 7.5, 2.0 ], 
            "to": [ 8.5, 7.7, 8.0 ], 
            "faces": {
                "north": { "texture": "#1", "uv": [ 4.0, 2.0, 9.0, 5.6 ] },
                "east": { "texture": "#1", "uv": [ 5.0, 5.0, 11.0, 8.6 ] },
                "south": { "texture": "#1", "uv": [ 4.0, 4.0, 8.0, 5.6 ] },
                "west": { "texture": "#1", "uv": [ 6.0, 7.0, 13.0, 10.6 ] },
                "up": { "texture": "#1", "uv": [ 4.0, 4.0, 9.0, 12.0 ] },
                "down": { "texture": "#1", "uv": [ 8.0, 5.0, 12.0, 12.0 ] }
            }
        }
    ]
}