{
    "__comment": "Model generated using MrCrayfish's Model Creator (http://mrcrayfish.com/modelcreator/)",
    "textures": {
        "0": "blocks/log_oak",
        "1": "blocks/hardened_clay_stained_yellow",
        "2": "blocks/anvil_base",
        "3": "blocks/clay"
    },
    "display": {
        "thirdperson_righthand": {
        "rotation": [ 0, 0, 0 ],
        "translation": [ 0, 0, 0 ],
        "scale": [ 1.1, 1.1, 1.1 ]
        },
        "thirdperson_lefthand": {
        "rotation": [ 0, 0, 0 ],
        "translation": [ 0, 0, 0 ],
        "scale": [ 1.1, 1.1, 1.1 ]
        },
        "ground": {
        "rotation": [ 0, 0, 0 ],
        "translation": [ 0, 0, 0 ],
        "scale": [ 1.1, 1.1, 1.1 ]
        },
        "fixed": {
        "rotation": [ 0, 0, 0 ],
        "translation": [ 0, 0, 0 ],
        "scale": [ 1.1, 1.1, 1.1 ]
        },
        "firstperson_righthand": {
        "rotation": [ 0, 0, 0 ],
        "translation": [ 0, 0, 0 ],
        "scale": [ 1.1, 1.1, 1.1 ]
        },
        "firstperson_lefthand": {
        "rotation": [ 0, 0, 0 ],
        "translation": [ -1.89, 0, 0 ],
        "scale": [ 1.3, 1.3, 1.3 ]
        },
        "gui": {
        "rotation": [ 0, 90, 0 ],
        "translation": [ 0, -4, 0 ],
        "scale": [ 0.7, 0.7, 0.7 ]
        }
        },
    "elements": [
        {
            "name": "Handle",
            "from": [ 7.6, 4.0, 8.0 ], 
            "to": [ 8.4, 8.0, 8.8 ], 
            "faces": {
                "north": { "texture": "#0", "uv": [ 0.0, 0.0, 6.800000000000001, 11.0 ] },
                "east": { "texture": "#0", "uv": [ 5.0, 0.0, 10.8, 13.0 ] },
                "south": { "texture": "#0", "uv": [ 2.0, 0.0, 7.800000000000001, 13.0 ] },
                "west": { "texture": "#0", "uv": [ 3.0, 2.0, 8.8, 15.0 ] },
                "up": { "texture": "#0", "uv": [ 0.0, 0.0, 6.8, 10.8 ] },
                "down": { "texture": "#0", "uv": [ 0.0, 0.0, 6.8, 6.8 ] }
            }
        },
        {
            "name": "Pommel",
            "from": [ 7.5, 2.8, 7.9 ], 
            "to": [ 8.5, 4.0, 8.9 ], 
            "faces": {
                "north": { "texture": "#1", "uv": [ 6.0, 2.0, 14.0, 9.2 ] },
                "east": { "texture": "#1", "uv": [ 0.0, 0.0, 8.0, 11.2 ] },
                "south": { "texture": "#1", "uv": [ 0.0, 0.0, 9.0, 8.2 ] },
                "west": { "texture": "#1", "uv": [ 0.0, 0.0, 7.0, 8.2 ] },
                "up": { "texture": "#1", "uv": [ 0.0, 0.0, 10.0, 8.0 ] },
                "down": { "texture": "#1", "uv": [ 0.0, 0.0, 9.0, 11.0 ] }
            }
        },
        {
            "name": "pommel2",
            "from": [ 7.6, 2.7, 8.0 ], 
            "to": [ 8.4, 2.9000000000000004, 8.8 ], 
            "faces": {
                "north": { "texture": "#2", "uv": [ 0.0, 0.0, 9.8, 10.2 ] },
                "east": { "texture": "#2", "uv": [ 0.0, 0.0, 10.8, 11.2 ] },
                "south": { "texture": "#2", "uv": [ 0.0, 0.0, 10.8, 12.2 ] },
                "west": { "texture": "#2", "uv": [ 0.0, 0.0, 8.8, 9.2 ] },
                "up": { "texture": "#2", "uv": [ 0.0, 0.0, 10.8, 13.8 ] },
                "down": { "texture": "#2", "uv": [ 0.0, 0.0, 7.8, 11.8 ] }
            }
        },
        {
            "name": "Guard",
            "from": [ 7.6, 8.0, 6.5 ], 
            "to": [ 8.4, 9.0, 10.3 ], 
            "faces": {
                "north": { "texture": "#1", "uv": [ 0.0, 0.0, 5.8, 8.0 ] },
                "east": { "texture": "#1", "uv": [ 0.0, 0.0, 12.8, 10.0 ] },
                "south": { "texture": "#1", "uv": [ 0.0, 0.0, 7.8, 10.0 ] },
                "west": { "texture": "#1", "uv": [ 0.0, 0.0, 13.8, 8.0 ] },
                "up": { "texture": "#1", "uv": [ 0.0, 0.0, 6.8, 14.8 ] },
                "down": { "texture": "#1", "uv": [ 5.0, 6.0, 10.8, 15.8 ] }
            }
        },
        {
            "name": "Guard2",
            "from": [ 7.7, 9.0, 7.5 ], 
            "to": [ 8.3, 10.0, 9.3 ], 
            "faces": {
                "north": { "texture": "#1", "uv": [ 0.0, 0.0, 12.6, 11.0 ] },
                "east": { "texture": "#1", "uv": [ 0.0, 0.0, 9.8, 11.0 ] },
                "south": { "texture": "#1", "uv": [ 0.0, 0.0, 8.6, 10.0 ] },
                "west": { "texture": "#1", "uv": [ 0.0, 0.0, 9.8, 10.0 ] },
                "up": { "texture": "#1", "uv": [ 0.0, 0.0, 10.6, 10.8 ] },
                "down": { "texture": "#1", "uv": [ 0.0, 0.0, 8.6, 11.8 ] }
            }
        },
        {
            "name": "Blade1",
            "from": [ 7.9, 9.0, 7.0 ], 
            "to": [ 8.1, 16.0, 9.8 ], 
            "faces": {
                "north": { "texture": "#3", "uv": [ 0.0, 0.0, 0.2, 7.0 ] },
                "east": { "texture": "#3", "uv": [ 0.0, 0.0, 7.8, 13.0 ] },
                "south": { "texture": "#3", "uv": [ 0.0, 0.0, 6.2, 12.0 ] },
                "west": { "texture": "#3", "uv": [ 0.0, 0.0, 14.8, 15.0 ] },
                "up": { "texture": "#3", "uv": [ 0.0, 0.0, 0.2, 2.8 ] },
                "down": { "texture": "#3", "uv": [ 0.0, 0.0, 0.2, 2.8 ] }
            }
        },
        {
            "name": "Blade2",
            "from": [ 7.9, 16.0, 7.2 ], 
            "to": [ 8.1, 19.0, 9.6 ], 
            "faces": {
                "north": { "texture": "#3", "uv": [ 5.0, 3.0, 5.2, 6.0 ] },
                "east": { "texture": "#3", "uv": [ 5.0, 3.0, 12.4, 13.0 ] },
                "south": { "texture": "#3", "uv": [ 4.0, 1.0, 4.2, 4.0 ] },
                "west": { "texture": "#3", "uv": [ 4.0, 0.0, 12.4, 12.0 ] },
                "up": { "texture": "#3", "uv": [ 0.0, 0.0, 0.2, 2.4 ] },
                "down": { "texture": "#-1", "uv": [ 0.0, 0.0, 0.2, 2.4 ] }
            }
        },
        {
            "name": "Blade3",
            "from": [ 7.9, 19.0, 7.4 ], 
            "to": [ 8.1, 21.0, 9.4 ], 
            "faces": {
                "north": { "texture": "#3", "uv": [ 4.0, 3.0, 4.2, 5.0 ] },
                "east": { "texture": "#3", "uv": [ 7.0, 1.0, 13.0, 10.0 ] },
                "south": { "texture": "#3", "uv": [ 6.0, 3.0, 6.2, 5.0 ] },
                "west": { "texture": "#3", "uv": [ 7.0, 5.0, 13.0, 13.0 ] },
                "up": { "texture": "#3", "uv": [ 0.0, 0.0, 0.2, 2.0 ] },
                "down": { "texture": "#-1", "uv": [ 0.0, 0.0, 0.2, 2.0 ] }
            }
        },
        {
            "name": "BLade4",
            "from": [ 7.9, 21.0, 7.6 ], 
            "to": [ 8.1, 23.0, 9.2 ], 
            "faces": {
                "north": { "texture": "#3", "uv": [ 5.0, 2.0, 5.2, 4.0 ] },
                "east": { "texture": "#3", "uv": [ 2.0, 1.0, 10.6, 13.0 ] },
                "south": { "texture": "#3", "uv": [ 5.0, 1.0, 5.2, 3.0 ] },
                "west": { "texture": "#3", "uv": [ 4.0, 4.0, 12.6, 15.0 ] },
                "up": { "texture": "#3", "uv": [ 0.0, 0.0, 0.2, 1.6 ] },
                "down": { "texture": "#-1", "uv": [ 0.0, 0.0, 0.2, 1.6 ] }
            }
        },
        {
            "name": "Blade5",
            "from": [ 7.9, 23.0, 7.8 ], 
            "to": [ 8.1, 24.0, 9.0 ], 
            "faces": {
                "north": { "texture": "#3", "uv": [ 5.0, 3.0, 5.2, 4.0 ] },
                "east": { "texture": "#3", "uv": [ 7.0, 4.0, 12.2, 11.0 ] },
                "south": { "texture": "#3", "uv": [ 6.0, 4.0, 6.2, 5.0 ] },
                "west": { "texture": "#3", "uv": [ 3.0, 7.0, 8.2, 15.0 ] },
                "up": { "texture": "#3", "uv": [ 0.0, 0.0, 0.2, 1.2 ] },
                "down": { "texture": "#-1", "uv": [ 0.0, 0.0, 0.2, 1.2 ] }
            }
        },
        {
            "name": "Blade6",
            "from": [ 7.9, 24.0, 8.0 ], 
            "to": [ 8.1, 25.0, 8.8 ], 
            "faces": {
                "north": { "texture": "#3", "uv": [ 0.0, 0.0, 0.2, 1.0 ] },
                "east": { "texture": "#3", "uv": [ 0.0, 0.0, 5.8, 9.0 ] },
                "south": { "texture": "#3", "uv": [ 0.0, 0.0, 0.2, 1.0 ] },
                "west": { "texture": "#3", "uv": [ 0.0, 0.0, 7.8, 10.0 ] },
                "up": { "texture": "#3", "uv": [ 0.0, 0.0, 0.2, 0.8 ] },
                "down": { "texture": "#-1", "uv": [ 0.0, 0.0, 0.2, 0.8 ] }
            }
        }
    ]
}