{
    "parent": "item/handheld_rod",
    "textures": {
        "layer0": "items/carrot_on_a_stick"
    },
	"overrides": [
        {"predicate": {"damage": 0.04},"model": "item/wand"},
        {"predicate": {"damage": 0.08},"model": "item/blue_staff"},
        {"predicate": {"damage": 0.12},"model": "item/magic_sword"},
        {"predicate": {"damage": 0.16},"model": "item/"},
        {"predicate": {"damage": 0.20},"model": "item/"},
        {"predicate": {"damage": 0.24},"model": "item/"},
        {"predicate": {"damage": 0.28},"model": "item/"},
        {"predicate": {"damage": 0.32},"model": "item/"},
        {"predicate": {"damage": 0.36},"model": "item/"},
        {"predicate": {"damage": 0.40},"model": "item/"},
        {"predicate": {"damage": 0.44},"model": "item/"},
        {"predicate": {"damage": 0.48},"model": "item/"},
        {"predicate": {"damage": 0.52},"model": "item/"},
        {"predicate": {"damage": 0.56},"model": "item/"},
        {"predicate": {"damage": 0.60},"model": "item/"},
		{"predicate": {"damage": 0.64},"model": "item/"},
		{"predicate": {"damage": 0.68},"model": "item/"},
		{"predicate": {"damage": 0.72},"model": "item/"},
		{"predicate": {"damage": 0.76},"model": "item/"},
		{"predicate": {"damage": 0.80},"model": "item/"},
		{"predicate": {"damage": 0.84},"model": "item/"},
		{"predicate": {"damage": 0.88},"model": "item/"},
		{"predicate": {"damage": 0.92},"model": "item/"},
		{"predicate": {"damage": 0.96},"model": "item/"},
		{"predicate": {"damage": 1.00},"model": "item/"}
    ]
}
