{
    "__comment": "Model generated using MrCrayfish's Model Creator (http://mrcrayfish.com/modelcreator/)",
    "textures": {
        "0": "blocks/bookshelf",
        "1": "blocks/red_sandstone_smooth",
        "2": "blocks/door_iron_lower"
    },
    "display": {
        "thirdperson_righthand": {
        "rotation": [ 0, 0, 0 ],
        "translation": [ 0, 0, 0 ],
        "scale": [ 1.1, 1.1, 1.1 ]
        },
        "thirdperson_lefthand": {
        "rotation": [ 0, 0, 0 ],
        "translation": [ 0, 0, 0 ],
        "scale": [ 1.1, 1.1, 1.1 ]
        },
        "ground": {
        "rotation": [ 0, 0, 0 ],
        "translation": [ 0, 0, 0 ],
        "scale": [ 1.1, 1.1, 1.1 ]
        },
        "fixed": {
        "rotation": [ 0, 0, 0 ],
        "translation": [ 0, 0, 0 ],
        "scale": [ 1.1, 1.1, 1.1 ]
        },
        "firstperson_righthand": {
        "rotation": [ 0, 0, 0 ],
        "translation": [ 0, 0, 0 ],
        "scale": [ 1.1, 1.1, 1.1 ]
        },
        "firstperson_lefthand": {
        "rotation": [ 0, 0, 0 ],
        "translation": [ -1.89, 0, 0 ],
        "scale": [ 1.3, 1.3, 1.3 ]
        },
        "gui": {
        "rotation": [ 0, 90, 0 ],
        "translation": [ 0, -4, 0 ],
        "scale": [ 0.7, 0.7, 0.7 ]
        }
        },
    "elements": [
        {
            "name": "Handle1",
            "from": [ 7.6, 2.0, 8.0 ], 
            "to": [ 8.4, 8.0, 8.8 ], 
            "faces": {
                "north": { "texture": "#0", "uv": [ 1.0, 12.0, 3.8, 16.0 ] },
                "east": { "texture": "#0", "uv": [ 1.0, 11.0, 3.8, 16.0 ] },
                "south": { "texture": "#0", "uv": [ 1.0, 11.0, 3.8, 16.0 ] },
                "west": { "texture": "#0", "uv": [ 1.0, 12.0, 3.8, 16.0 ] },
                "up": { "texture": "#-1", "uv": [ 0.0, 0.0, 0.8, 0.8 ] },
                "down": { "texture": "#0", "uv": [ 1.0, 14.0, 1.8, 14.8 ] }
            }
        },
        {
            "name": "Guard1",
            "from": [ 7.0, 8.0, 7.4 ], 
            "to": [ 9.0, 8.6, 9.4 ], 
            "faces": {
                "north": { "texture": "#1", "uv": [ 2.0, 2.0, 4.0, 2.6 ] },
                "east": { "texture": "#1", "uv": [ 0.0, 0.0, 2.0, 0.6 ] },
                "south": { "texture": "#1", "uv": [ 0.0, 0.0, 2.0, 0.6 ] },
                "west": { "texture": "#1", "uv": [ 0.0, 0.0, 2.0, 0.6 ] },
                "up": { "texture": "#1", "uv": [ 0.0, 0.0, 2.0, 2.0 ] },
                "down": { "texture": "#1", "uv": [ 0.0, 0.0, 2.0, 2.0 ] }
            }
        },
        {
            "name": "Guard2",
            "from": [ 7.3, 8.0, 6.4 ], 
            "to": [ 8.7, 8.4, 10.4 ], 
            "faces": {
                "north": { "texture": "#1", "uv": [ 0.0, 0.0, 1.4, 0.4 ] },
                "east": { "texture": "#1", "uv": [ 0.0, 0.0, 4.0, 0.4 ] },
                "south": { "texture": "#1", "uv": [ 0.0, 0.0, 1.4, 0.4 ] },
                "west": { "texture": "#1", "uv": [ 0.0, 0.0, 4.0, 0.4 ] },
                "up": { "texture": "#1", "uv": [ 0.0, 0.0, 1.4, 4.0 ] },
                "down": { "texture": "#1", "uv": [ 0.0, 0.0, 1.4, 4.0 ] }
            }
        },
        {
            "name": "Guard3",
            "from": [ 7.3, 9.0, 5.0 ], 
            "to": [ 8.7, 9.4, 7.0 ], 
            "rotation": { "origin": [ 8.0, 8.0, 8.0 ], "axis": "x", "angle": -45.0 },
            "faces": {
                "north": { "texture": "#1", "uv": [ 0.0, 0.0, 1.4, 0.4 ] },
                "east": { "texture": "#1", "uv": [ 0.0, 0.0, 2.0, 0.4 ] },
                "south": { "texture": "#1", "uv": [ 0.0, 0.0, 1.4, 0.4 ] },
                "west": { "texture": "#1", "uv": [ 0.0, 0.0, 2.0, 0.4 ] },
                "up": { "texture": "#1", "uv": [ 0.0, 0.0, 1.4, 2.0 ] },
                "down": { "texture": "#1", "uv": [ 0.0, 0.0, 1.4, 2.0 ] }
            }
        },
        {
            "name": "Guard4",
            "from": [ 7.3, 2.5, 8.4 ], 
            "to": [ 8.7, 2.9, 10.3 ], 
            "rotation": { "origin": [ 8.0, 8.0, 8.0 ], "axis": "x", "angle": 22.5 },
            "faces": {
                "north": { "texture": "#1", "uv": [ 0.0, 0.0, 1.4, 0.4 ] },
                "east": { "texture": "#1", "uv": [ 0.0, 0.0, 1.9, 0.4 ] },
                "south": { "texture": "#1", "uv": [ 0.0, 0.0, 1.4, 0.4 ] },
                "west": { "texture": "#1", "uv": [ 0.0, 0.0, 1.9, 0.4 ] },
                "up": { "texture": "#1", "uv": [ 0.0, 0.0, 1.4, 1.9 ] },
                "down": { "texture": "#1", "uv": [ 0.0, 0.0, 1.4, 1.9 ] }
            }
        },
        {
            "name": "5",
            "from": [ 7.3, 4.0, 4.5 ], 
            "to": [ 8.7, 8.0, 4.9 ], 
            "rotation": { "origin": [ 8.0, 8.0, 8.0 ], "axis": "x", "angle": -22.5 },
            "faces": {
                "north": { "texture": "#1", "uv": [ 0.0, 0.0, 1.4, 4.0 ] },
                "east": { "texture": "#1", "uv": [ 0.0, 0.0, 0.4, 4.0 ] },
                "south": { "texture": "#1", "uv": [ 0.0, 0.0, 1.4, 4.0 ] },
                "west": { "texture": "#1", "uv": [ 0.0, 0.0, -2.6, 5.0 ] },
                "up": { "texture": "#1", "uv": [ 0.0, 0.0, 1.4, 0.4 ] },
                "down": { "texture": "#1", "uv": [ 0.0, 0.0, 1.4, 0.4 ] }
            }
        },
        {
            "name": "Blade1",
            "from": [ 7.9, 8.0, 8.0 ], 
            "to": [ 8.1, 22.0, 8.8 ], 
            "faces": {
                "north": { "texture": "#2", "uv": [ 3.0, 0.0, 5.2, 14.0 ] },
                "east": { "texture": "#2", "uv": [ 5.0, 0.0, 10.8, 14.0 ] },
                "south": { "texture": "#2", "uv": [ 5.0, 1.0, 12.2, 15.0 ] },
                "west": { "texture": "#2", "uv": [ 4.0, 0.0, 11.8, 16.0 ] },
                "up": { "texture": "#2", "uv": [ 4.0, 1.0, 10.2, 6.8 ] },
                "down": { "texture": "#2", "uv": [ 1.0, 1.0, 7.2, 7.8 ] }
            }
        },
        {
            "name": "Blade2",
            "from": [ 7.9, 21.0, 2.6 ], 
            "to": [ 8.1, 23.0, 3.4000000000000004 ], 
            "rotation": { "origin": [ 8.0, 8.0, 8.0 ], "axis": "x", "angle": 22.5 },
            "faces": {
                "north": { "texture": "#2", "uv": [ 5.0, 3.0, 10.2, 12.0 ] },
                "east": { "texture": "#2", "uv": [ 5.0, 2.0, 8.8, 8.0 ] },
                "south": { "texture": "#2", "uv": [ 6.0, 3.0, 10.2, 12.0 ] },
                "west": { "texture": "#2", "uv": [ 5.0, 3.0, 9.8, 10.0 ] },
                "up": { "texture": "#2", "uv": [ 7.0, 3.0, 12.2, 7.8 ] },
                "down": { "texture": "#2", "uv": [ 5.0, 4.0, 8.2, 8.8 ] }
            }
        },
        {
            "name": "Blade3]",
            "from": [ 7.9, 23.0, 2.6 ], 
            "to": [ 8.1, 24.0, 3.2 ], 
            "rotation": { "origin": [ 8.0, 8.0, 8.0 ], "axis": "x", "angle": 22.5 },
            "faces": {
                "north": { "texture": "#2", "uv": [ 6.0, 3.0, 10.2, 8.0 ] },
                "east": { "texture": "#2", "uv": [ 6.0, 5.0, 9.6, 12.0 ] },
                "south": { "texture": "#2", "uv": [ 6.0, 1.0, 11.2, 6.0 ] },
                "west": { "texture": "#2", "uv": [ 6.0, 0.0, 11.6, 7.0 ] },
                "up": { "texture": "#2", "uv": [ 5.0, 3.0, 9.2, 6.6 ] },
                "down": { "texture": "#2", "uv": [ 6.0, 4.0, 11.2, 11.6 ] }
            }
        },
        {
            "name": "Blade4",
            "from": [ 7.9, 20.6, -3.1 ], 
            "to": [ 8.1, 21.6, -2.7 ], 
            "rotation": { "origin": [ 8.0, 8.0, 8.0 ], "axis": "x", "angle": 45.0 },
            "faces": {
                "north": { "texture": "#2", "uv": [ 5.0, 2.0, 8.2, 8.0 ] },
                "east": { "texture": "#2", "uv": [ 8.0, 6.0, 11.4, 13.0 ] },
                "south": { "texture": "#2", "uv": [ 6.0, 7.0, 11.2, 14.0 ] },
                "west": { "texture": "#2", "uv": [ 7.0, 3.0, 11.4, 10.0 ] },
                "up": { "texture": "#2", "uv": [ 6.0, 4.0, 11.2, 10.4 ] },
                "down": { "texture": "#2", "uv": [ 5.0, 5.0, 9.2, 9.4 ] }
            }
        }
    ]
}