{
    "parent": "builtin/generated",
    "textures": {
        "layer0": "items/diamond_hoe"
    },
	"overrides": [
        {"predicate": {"damage": 0.003},"model": "item/health"},
        {"predicate": {"damage": 0.006},"model": "item/invisible"},
        {"predicate": {"damage": 0.009},"model": "item/speed"},
        {"predicate": {"damage": 0.012},"model": "item/strength"},
        {"predicate": {"damage": 0.016},"model": "item/mummy_head"},
        {"predicate": {"damage": 0.026},"model": "item/mino_head"},
        {"predicate": {"damage": 0.031},"model": "item/water_b"},
        {"predicate": {"damage": 0.036},"model": "item/fire_r"},
        {"predicate": {"damage": 0.041},"model": "item/time"},
        {"predicate": {"damage": 0.046},"model": "item/banshee"},
        {"predicate": {"damage": 0.051},"model": "item/spider_boss"},
        {"predicate": {"damage": 0.056},"model": "item/leech_1"},
        {"predicate": {"damage": 0.061},"model": "item/leech_2"},
        {"predicate": {"damage": 0.066},"model": "item/leech_3"},
        {"predicate": {"damage": 0.071},"model": "item/dragon_one"},
		{"predicate": {"damage": 0.076},"model": "item/dragon_two"},
		{"predicate": {"damage": 0.081},"model": "item/dragon_three"},
		{"predicate": {"damage": 0.086},"model": "item/dragon_four"},
		{"predicate": {"damage": 0.091},"model": "item/dragon_five"},
		{"predicate": {"damage": 0.096},"model": "item/parasite"},
		{"predicate": {"damage": 0.101},"model": "item/lurker_1"},
		{"predicate": {"damage": 0.106},"model": "item/lurker_2"},
		{"predicate": {"damage": 0.111},"model": "item/mollusk_1"},
		{"predicate": {"damage": 0.116},"model": "item/mollusk_2"},
        {"predicate": {"damage": 0.121},"model": "item/mollusk_3"},
        {"predicate": {"damage": 0.126},"model": "item/black_beast_0"},
        {"predicate": {"damage": 0.131},"model": "item/black_beast_1"},
        {"predicate": {"damage": 0.136},"model": "item/black_beast_2"},
        {"predicate": {"damage": 0.141},"model": "item/black_beast_3"},
        {"predicate": {"damage": 0.146},"model": "item/black_beast_4"},
        {"predicate": {"damage": 0.151},"model": "item/horns"}
    ]
}