{
    "parent": "item/handheld",
    "textures": {
        "layer0": "items/diamond_axe"
    },
	"overrides": [
        {"predicate": {"damage": 0.003},"model": "item/amber"},
        {"predicate": {"damage": 0.006},"model": "item/emerald_smasher"},
        {"predicate": {"damage": 0.009},"model": "item/beard_axe"},
        {"predicate": {"damage": 0.012},"model": "item/small_hammer"},
        {"predicate": {"damage": 0.016},"model": "item/magic_axe"},
        {"predicate": {"damage": 0.026},"model": "item/mace"},
        {"predicate": {"damage": 0.031},"model": "item/blood_letter"},
        {"predicate": {"damage": 0.036},"model": "item/"},
        {"predicate": {"damage": 0.041},"model": "item/"},
        {"predicate": {"damage": 0.046},"model": "item/"},
        {"predicate": {"damage": 0.051},"model": "item/"},
        {"predicate": {"damage": 0.056},"model": "item/"},
        {"predicate": {"damage": 0.061},"model": "item/"},
        {"predicate": {"damage": 0.066},"model": "item/"},
        {"predicate": {"damage": 0.071},"model": "item/"},
		{"predicate": {"damage": 0.076},"model": "item/"},
		{"predicate": {"damage": 0.081},"model": "item/"},
		{"predicate": {"damage": 0.086},"model": "item/"},
		{"predicate": {"damage": 0.091},"model": "item/"},
		{"predicate": {"damage": 0.096},"model": "item/"},
		{"predicate": {"damage": 0.101},"model": "item/"},
		{"predicate": {"damage": 0.106},"model": "item/"},
		{"predicate": {"damage": 0.111},"model": "item/"},
		{"predicate": {"damage": 0.116},"model": "item/"}
    ]
}