{
    "parent": "item/handheld",
    "textures": {
        "layer0": "items/diamond_sword"
    },
    "overrides": [
        {"predicate": {"damage": 0.001},"model": "item/fat_blade"},
        {"predicate": {"damage": 0.006},"model": "item/hrunting"},
        {"predicate": {"damage": 0.011},"model": "item/sacred_2"},
        {"predicate": {"damage": 0.016},"model": "item/sacred_3"},
        {"predicate": {"damage": 0.021},"model": "item/dark_sword"},
        {"predicate": {"damage": 0.026},"model": "item/sacred_4"},
        {"predicate": {"damage": 0.031},"model": "item/excalibur"},
        {"predicate": {"damage": 0.036},"model": "item/desert_saber"},
        {"predicate": {"damage": 0.041},"model": "item/twisted_dagger"},
        {"predicate": {"damage": 0.046},"model": "item/amamursa"},
        {"predicate": {"damage": 0.051},"model": "item/amber_sword"},
        {"predicate": {"damage": 0.056},"model": "item/spiked_sword"},
        {"predicate": {"damage": 0.061},"model": "item/black_sword"},
        {"predicate": {"damage": 0.066},"model": "item/katana"},
        {"predicate": {"damage": 0.071},"model": "item/ice_rapier"},
		{"predicate": {"damage": 0.076},"model": "item/bronze_sword"},
		{"predicate": {"damage": 0.081},"model": "item/scythe"},
		{"predicate": {"damage": 0.086},"model": "item/lava_blade"},
		{"predicate": {"damage": 0.091},"model": "item/blue_staff"},
		{"predicate": {"damage": 0.096},"model": "item/red_scythe"},
		{"predicate": {"damage": 0.101},"model": "item/white_scythe"},
		{"predicate": {"damage": 0.106},"model": "item/"},
		{"predicate": {"damage": 0.111},"model": "item/longsword"},
		{"predicate": {"damage": 0.116},"model": "item/green_rapier"}
    ]
}