{
    "__comment": "Model generated using MrCrayfish's Model Creator (http://mrcrayfish.com/modelcreator/)",
    "textures": {
        "0": "blocks/glass_magenta",
        "1": "blocks/hardened_clay_stained_yellow"
    },
    "elements": [
        {
            "name": "CMain",
            "from": [ 7.0, 8.0, 9.0 ], 
            "to": [ 8.0, 10.0, 11.0 ], 
            "faces": {
                "north": { "texture": "#0", "uv": [ 0.0, 0.0, 1.0, 2.0 ] },
                "east": { "texture": "#0", "uv": [ 0.0, 0.0, 2.0, 2.0 ] },
                "south": { "texture": "#0", "uv": [ 0.0, 0.0, 1.0, 2.0 ] },
                "west": { "texture": "#0", "uv": [ 0.0, 0.0, 2.0, 2.0 ] },
                "up": { "texture": "#0", "uv": [ 0.0, 0.0, 1.0, 2.0 ] },
                "down": { "texture": "#0", "uv": [ 0.0, 0.0, 1.0, 2.0 ] }
            }
        },
        {
            "name": "CTop",
            "from": [ 7.0, 10.0, 9.3 ], 
            "to": [ 8.0, 10.2, 10.700000000000001 ], 
            "faces": {
                "north": { "texture": "#0", "uv": [ 0.0, 0.0, 1.0, 0.2 ] },
                "east": { "texture": "#0", "uv": [ 0.0, 0.0, 1.4, 0.2 ] },
                "south": { "texture": "#0", "uv": [ 0.0, 0.0, 1.0, 0.2 ] },
                "west": { "texture": "#0", "uv": [ 0.0, 0.0, 1.4, 0.2 ] },
                "up": { "texture": "#0", "uv": [ 0.0, 0.0, 1.0, 1.4 ] },
                "down": { "texture": "#0", "uv": [ 0.0, 0.0, 1.0, 1.4 ] }
            }
        },
        {
            "name": "CBottom",
            "from": [ 7.0, 7.8, 9.3 ], 
            "to": [ 8.0, 8.0, 10.700000000000001 ], 
            "faces": {
                "north": { "texture": "#0", "uv": [ 0.0, 0.0, 1.0, 0.2 ] },
                "east": { "texture": "#0", "uv": [ 0.0, 0.0, 1.4, 0.2 ] },
                "south": { "texture": "#0", "uv": [ 0.0, 0.0, 1.0, 0.2 ] },
                "west": { "texture": "#0", "uv": [ 0.0, 0.0, 1.4, 0.2 ] },
                "up": { "texture": "#0", "uv": [ 0.0, 0.0, 1.0, 1.4 ] },
                "down": { "texture": "#0", "uv": [ 0.0, 0.0, 1.0, 1.4 ] }
            }
        },
        {
            "name": "Back",
            "from": [ 7.0, 8.3, 11.0 ], 
            "to": [ 8.0, 9.700000000000001, 11.2 ], 
            "faces": {
                "north": { "texture": "#0", "uv": [ 0.0, 0.0, 1.0, 1.4 ] },
                "east": { "texture": "#0", "uv": [ 0.0, 0.0, 0.2, 1.4 ] },
                "south": { "texture": "#0", "uv": [ 0.0, 0.0, 1.0, 1.4 ] },
                "west": { "texture": "#0", "uv": [ 0.0, 0.0, 0.2, 1.4 ] },
                "up": { "texture": "#0", "uv": [ 0.0, 0.0, 1.0, 0.2 ] },
                "down": { "texture": "#0", "uv": [ 0.0, 0.0, 1.0, 0.2 ] }
            }
        },
        {
            "name": "Front",
            "from": [ 7.0, 8.3, 8.8 ], 
            "to": [ 8.0, 9.700000000000001, 9.0 ], 
            "faces": {
                "north": { "texture": "#0", "uv": [ 0.0, 0.0, 1.0, 1.4 ] },
                "east": { "texture": "#0", "uv": [ 0.0, 0.0, 0.2, 1.4 ] },
                "south": { "texture": "#0", "uv": [ 0.0, 0.0, 1.0, 1.4 ] },
                "west": { "texture": "#0", "uv": [ 0.0, 0.0, 0.2, 1.4 ] },
                "up": { "texture": "#0", "uv": [ 0.0, 0.0, 1.0, 0.2 ] },
                "down": { "texture": "#0", "uv": [ 0.0, 0.0, 1.0, 0.2 ] }
            }
        },
        {
            "name": "Tie1",
            "from": [ 7.0, 8.5, 11.2 ], 
            "to": [ 8.0, 9.5, 11.6 ], 
            "faces": {
                "north": { "texture": "#1", "uv": [ 0.0, 0.0, 1.0, 1.0 ] },
                "east": { "texture": "#1", "uv": [ 0.0, 0.0, 0.4, 1.0 ] },
                "south": { "texture": "#1", "uv": [ 0.0, 0.0, 1.0, 1.0 ] },
                "west": { "texture": "#1", "uv": [ 0.0, 0.0, 0.4, 1.0 ] },
                "up": { "texture": "#1", "uv": [ 0.0, 0.0, 1.0, 0.4 ] },
                "down": { "texture": "#1", "uv": [ 0.0, 0.0, 1.0, 0.4 ] }
            }
        },
        {
            "name": "Tie2",
            "from": [ 7.0, 8.5, 8.4 ], 
            "to": [ 8.0, 9.5, 8.8 ], 
            "faces": {
                "north": { "texture": "#1", "uv": [ 0.0, 0.0, 1.0, 1.0 ] },
                "east": { "texture": "#1", "uv": [ 0.0, 0.0, 0.4, 1.0 ] },
                "south": { "texture": "#1", "uv": [ 0.0, 0.0, 1.0, 1.0 ] },
                "west": { "texture": "#1", "uv": [ 0.0, 0.0, 0.4, 1.0 ] },
                "up": { "texture": "#1", "uv": [ 0.0, 0.0, 1.0, 0.4 ] },
                "down": { "texture": "#1", "uv": [ 0.0, 0.0, 1.0, 0.4 ] }
            }
        },
        {
            "name": "Wraps",
            "from": [ 7.2, 10.0, 11.0 ], 
            "to": [ 7.8, 10.4, 12.2 ], 
            "rotation": { "origin": [ 8.0, 8.0, 8.0 ], "axis": "x", "angle": 22.5 },
            "faces": {
                "north": { "texture": "#0", "uv": [ 0.0, 0.0, 0.6, 0.3999999999999999 ] },
                "east": { "texture": "#0", "uv": [ 0.0, 0.0, 1.2, 0.3999999999999999 ] },
                "south": { "texture": "#0", "uv": [ 0.0, 0.0, 0.6, 0.3999999999999999 ] },
                "west": { "texture": "#0", "uv": [ 0.0, 0.0, 1.2, 0.3999999999999999 ] },
                "up": { "texture": "#0", "uv": [ 0.0, 0.0, 0.6, 1.2 ] },
                "down": { "texture": "#0", "uv": [ 0.0, 0.0, 0.6, 1.2 ] }
            }
        },
        {
            "name": "Cube",
            "from": [ 7.2, 7.4, 11.6 ], 
            "to": [ 7.8, 7.800000000000001, 12.799999999999999 ], 
            "rotation": { "origin": [ 8.0, 8.0, 8.0 ], "axis": "x", "angle": -22.5 },
            "faces": {
                "north": { "texture": "#0", "uv": [ 0.0, 0.0, 0.6, 0.3999999999999999 ] },
                "east": { "texture": "#0", "uv": [ 0.0, 0.0, 1.2, 0.3999999999999999 ] },
                "south": { "texture": "#0", "uv": [ 0.0, 0.0, 0.6, 0.3999999999999999 ] },
                "west": { "texture": "#0", "uv": [ 0.0, 0.0, 1.2, 0.3999999999999999 ] },
                "up": { "texture": "#0", "uv": [ 0.0, 0.0, 0.6, 1.2 ] },
                "down": { "texture": "#0", "uv": [ 0.0, 0.0, 0.6, 1.2 ] }
            }
        },
        {
            "name": "Cube",
            "from": [ 7.2, 8.8, 11.6 ], 
            "to": [ 7.8, 9.200000000000001, 12.799999999999999 ], 
            "faces": {
                "north": { "texture": "#0", "uv": [ 0.0, 0.0, 0.6, 0.3999999999999999 ] },
                "east": { "texture": "#0", "uv": [ 0.0, 0.0, 1.2, 0.3999999999999999 ] },
                "south": { "texture": "#0", "uv": [ 0.0, 0.0, 0.6, 0.3999999999999999 ] },
                "west": { "texture": "#0", "uv": [ 0.0, 0.0, 1.2, 0.3999999999999999 ] },
                "up": { "texture": "#0", "uv": [ 0.0, 0.0, 0.6, 1.2 ] },
                "down": { "texture": "#0", "uv": [ 0.0, 0.0, 0.6, 1.2 ] }
            }
        },
        {
            "name": "Wraps2",
            "from": [ 7.2, 8.8, 7.3 ], 
            "to": [ 7.8, 9.200000000000001, 8.5 ], 
            "faces": {
                "north": { "texture": "#0", "uv": [ 0.0, 0.0, 0.6, 0.3999999999999999 ] },
                "east": { "texture": "#0", "uv": [ 0.0, 0.0, 1.2, 0.3999999999999999 ] },
                "south": { "texture": "#0", "uv": [ 0.0, 0.0, 0.6, 0.3999999999999999 ] },
                "west": { "texture": "#0", "uv": [ 0.0, 0.0, 1.2, 0.3999999999999999 ] },
                "up": { "texture": "#0", "uv": [ 0.0, 0.0, 0.6, 1.2 ] },
                "down": { "texture": "#0", "uv": [ 0.0, 0.0, 0.6, 1.2 ] }
            }
        },
        {
            "name": "Cube",
            "from": [ 7.2, 8.4, 7.6 ], 
            "to": [ 7.8, 8.8, 8.799999999999999 ], 
            "rotation": { "origin": [ 8.0, 8.0, 8.0 ], "axis": "x", "angle": -22.5 },
            "faces": {
                "north": { "texture": "#0", "uv": [ 0.0, 0.0, 0.6, 0.3999999999999999 ] },
                "east": { "texture": "#0", "uv": [ 0.0, 0.0, 1.2, 0.3999999999999999 ] },
                "south": { "texture": "#0", "uv": [ 0.0, 0.0, 0.6, 0.3999999999999999 ] },
                "west": { "texture": "#0", "uv": [ 0.0, 0.0, 1.2, 0.3999999999999999 ] },
                "up": { "texture": "#0", "uv": [ 0.0, 0.0, 0.6, 1.2 ] },
                "down": { "texture": "#0", "uv": [ 0.0, 0.0, 0.6, 1.2 ] }
            }
        },
        {
            "name": "Cube",
            "from": [ 7.2, 9.0, 6.9 ], 
            "to": [ 7.8, 9.4, 8.1 ], 
            "rotation": { "origin": [ 8.0, 8.0, 8.0 ], "axis": "x", "angle": 22.5 },
            "faces": {
                "north": { "texture": "#0", "uv": [ 0.0, 0.0, 0.6, 0.3999999999999999 ] },
                "east": { "texture": "#0", "uv": [ 0.0, 0.0, 1.2, 0.3999999999999999 ] },
                "south": { "texture": "#0", "uv": [ 0.0, 0.0, 0.6, 0.3999999999999999 ] },
                "west": { "texture": "#0", "uv": [ 0.0, 0.0, 1.2, 0.3999999999999999 ] },
                "up": { "texture": "#0", "uv": [ 0.0, 0.0, 0.6, 1.2 ] },
                "down": { "texture": "#0", "uv": [ 0.0, 0.0, 0.6, 1.2 ] }
            }
        },
        {
            "name": "Cube",
            "from": [ 8.0, 8.2, 9.5 ], 
            "to": [ 8.4, 9.799999999999999, 10.5 ], 
            "faces": {
                "north": { "texture": "#0", "uv": [ 0.0, 0.0, 0.4, 1.6 ] },
                "east": { "texture": "#0", "uv": [ 0.0, 0.0, 1.0, 1.6 ] },
                "south": { "texture": "#0", "uv": [ 0.0, 0.0, 0.4, 1.6 ] },
                "west": { "texture": "#0", "uv": [ 0.0, 0.0, 1.0, 1.6 ] },
                "up": { "texture": "#0", "uv": [ 0.0, 0.0, 0.4, 1.0 ] },
                "down": { "texture": "#0", "uv": [ 0.0, 0.0, 0.4, 1.0 ] }
            }
        },
        {
            "name": "Cube",
            "from": [ 6.6, 8.2, 9.5 ], 
            "to": [ 7.0, 9.799999999999999, 10.5 ], 
            "faces": {
                "north": { "texture": "#0", "uv": [ 0.0, 0.0, 0.4, 1.6 ] },
                "east": { "texture": "#0", "uv": [ 0.0, 0.0, 1.0, 1.6 ] },
                "south": { "texture": "#0", "uv": [ 0.0, 0.0, 0.4, 1.6 ] },
                "west": { "texture": "#0", "uv": [ 0.0, 0.0, 1.0, 1.6 ] },
                "up": { "texture": "#0", "uv": [ 0.0, 0.0, 0.4, 1.0 ] },
                "down": { "texture": "#0", "uv": [ 0.0, 0.0, 0.4, 1.0 ] }
            }
        }
    ]
}