{
    "__comment": "Model generated using MrCrayfish's Model Creator (http://mrcrayfish.com/modelcreator/)",
    "textures": {
        "0": "blocks/log_spruce",
        "1": "blocks/emerald_ore",
        "2": "blocks/anvil_top_damaged_0"
    },
    "display": {
        "thirdperson_righthand": {
        "rotation": [ 0, 0, 0 ],
        "translation": [ 0, 0, 0 ],
        "scale": [ 1.1, 1.1, 1.1 ]
        },
        "thirdperson_lefthand": {
        "rotation": [ 0, 0, 0 ],
        "translation": [ 0, 0, 0 ],
        "scale": [ 1.1, 1.1, 1.1 ]
        },
        "ground": {
        "rotation": [ 0, 0, 0 ],
        "translation": [ 0, 0, 0 ],
        "scale": [ 1.1, 1.1, 1.1 ]
        },
        "fixed": {
        "rotation": [ 0, 0, 0 ],
        "translation": [ 0, 0, 0 ],
        "scale": [ 1.1, 1.1, 1.1 ]
        },
        "firstperson_righthand": {
        "rotation": [ 0, 0, 0 ],
        "translation": [ 0, 0, 0 ],
        "scale": [ 1.1, 1.1, 1.1 ]
        },
        "firstperson_lefthand": {
        "rotation": [ 0, 0, 0 ],
        "translation": [ -1.89, 0, 0 ],
        "scale": [ 1.3, 1.3, 1.3 ]
        },
        "gui": {
        "rotation": [ 0, 90, 0 ],
        "translation": [ 0, -4, 0 ],
        "scale": [ 0.7, 0.7, 0.7 ]
        }
        },
    "elements": [
        {
            "name": "Handle1",
            "from": [ 7.5, 0.0, 8.0 ], 
            "to": [ 8.5, 17.0, 9.0 ], 
            "faces": {
                "north": { "texture": "#0", "uv": [ 0.0, 0.0, 1.0, 1.0 ] },
                "east": { "texture": "#0", "uv": [ 0.0, 0.0, 16.0, 3.0 ] },
                "south": { "texture": "#0", "uv": [ 0.0, 0.0, 1.0, 1.0 ] },
                "west": { "texture": "#0", "uv": [ 0.0, 0.0, 16.0, 3.0 ] },
                "up": { "texture": "#0", "uv": [ 0.0, 0.0, 2.0, 16.0 ] },
                "down": { "texture": "#0", "uv": [ 0.0, 0.0, 2.0, 16.0 ] }
            }
        },
        {
            "name": "Pommel",
            "from": [ 7.1, -1.8, 7.6 ], 
            "to": [ 8.9, -2.220446049250313E-16, 9.4 ], 
            "faces": {
                "north": { "texture": "#1", "uv": [ 6.0, 5.0, 7.8, 6.8 ] },
                "east": { "texture": "#1", "uv": [ 10.0, 9.0, 11.8, 10.8 ] },
                "south": { "texture": "#1", "uv": [ 5.0, 4.0, 6.8, 5.8 ] },
                "west": { "texture": "#1", "uv": [ 6.0, 1.0, 7.8, 2.8 ] },
                "up": { "texture": "#1", "uv": [ 6.0, 8.0, 7.8, 9.8 ] },
                "down": { "texture": "#1", "uv": [ 5.0, 4.0, 6.8, 5.8 ] }
            }
        },
        {
            "name": "MidHammer",
            "from": [ 6.5, 17.0, 6.6 ], 
            "to": [ 9.5, 20.0, 10.6 ], 
            "faces": {
                "north": { "texture": "#2", "uv": [ 5.0, 1.0, 12.0, 11.0 ] },
                "east": { "texture": "#2", "uv": [ 3.0, 4.0, 9.0, 14.0 ] },
                "south": { "texture": "#2", "uv": [ 5.0, 5.0, 13.0, 15.0 ] },
                "west": { "texture": "#2", "uv": [ 4.0, 2.0, 12.0, 12.0 ] },
                "up": { "texture": "#2", "uv": [ 5.0, 1.0, 13.0, 12.0 ] },
                "down": { "texture": "#2", "uv": [ 4.0, 3.0, 11.0, 13.0 ] }
            }
        },
        {
            "name": "Connecter1",
            "from": [ 7.0, 17.5, 10.5 ], 
            "to": [ 9.0, 19.5, 11.5 ], 
            "faces": {
                "north": { "texture": "#2", "uv": [ 6.0, 3.0, 8.0, 4.0 ] },
                "east": { "texture": "#2", "uv": [ 7.0, 4.0, 9.0, 5.0 ] },
                "south": { "texture": "#2", "uv": [ 6.0, 7.0, 8.0, 8.0 ] },
                "west": { "texture": "#2", "uv": [ 8.0, 4.0, 10.0, 5.0 ] },
                "up": { "texture": "#2", "uv": [ 7.0, 5.0, 9.0, 7.0 ] },
                "down": { "texture": "#2", "uv": [ 8.0, 5.0, 10.0, 7.0 ] }
            }
        },
        {
            "name": "Head1",
            "from": [ 5.5, 16.0, 11.5 ], 
            "to": [ 10.5, 21.0, 15.5 ], 
            "faces": {
                "north": { "texture": "#1", "uv": [ 2.0, 3.0, 12.0, 14.0 ] },
                "east": { "texture": "#1", "uv": [ 6.0, 0.0, 16.0, 11.0 ] },
                "south": { "texture": "#1", "uv": [ 1.0, 5.0, 11.0, 16.0 ] },
                "west": { "texture": "#1", "uv": [ 4.0, 1.0, 13.0, 12.0 ] },
                "up": { "texture": "#1", "uv": [ 0.0, 0.0, 12.0, 9.0 ] },
                "down": { "texture": "#1", "uv": [ 0.0, 0.0, 5.0, 5.0 ] }
            }
        },
        {
            "name": "Connecter2",
            "from": [ 7.0, 17.5, 5.6 ], 
            "to": [ 9.0, 19.5, 6.6 ], 
            "faces": {
                "north": { "texture": "#2", "uv": [ 6.0, 3.0, 8.0, 4.0 ] },
                "east": { "texture": "#2", "uv": [ 7.0, 4.0, 9.0, 5.0 ] },
                "south": { "texture": "#2", "uv": [ 6.0, 7.0, 8.0, 8.0 ] },
                "west": { "texture": "#2", "uv": [ 8.0, 4.0, 10.0, 5.0 ] },
                "up": { "texture": "#2", "uv": [ 7.0, 5.0, 9.0, 7.0 ] },
                "down": { "texture": "#2", "uv": [ 8.0, 5.0, 10.0, 7.0 ] }
            }
        },
        {
            "name": "Head2",
            "from": [ 5.5, 16.0, 1.6 ], 
            "to": [ 10.5, 21.0, 5.6 ], 
            "faces": {
                "north": { "texture": "#1", "uv": [ 2.0, 3.0, 12.0, 14.0 ] },
                "east": { "texture": "#1", "uv": [ 6.0, 0.0, 16.0, 11.0 ] },
                "south": { "texture": "#1", "uv": [ 1.0, 5.0, 11.0, 16.0 ] },
                "west": { "texture": "#1", "uv": [ 4.0, 1.0, 13.0, 12.0 ] },
                "up": { "texture": "#1", "uv": [ 0.0, 0.0, 12.0, 9.0 ] },
                "down": { "texture": "#1", "uv": [ 0.0, 0.0, 5.0, 5.0 ] }
            }
        }
    ]
}