{
    "__comment": "Model generated using MrCrayfish's Model Creator (http://mrcrayfish.com/modelcreator/)",
    "textures": {
        "0": "blocks/clay",
        "1": "blocks/bed_head_top"
    },
    "display": {
        "thirdperson_righthand": {
        "rotation": [ 0, 0, 0 ],
        "translation": [ 0, 0, 0 ],
        "scale": [ 1.1, 1.6, 1.1 ]
        },
        "thirdperson_lefthand": {
        "rotation": [ 0, 0, 0 ],
        "translation": [ 0, 0, 0 ],
        "scale": [ 1, 1.5, 1 ]
        },
        "ground": {
        "rotation": [ 0, 0, 0 ],
        "translation": [ 0, 0, 0 ],
        "scale": [ 1, 1.5, 1 ]
        },
        "fixed": {
        "rotation": [ 0, 0, 0 ],
        "translation": [ 0, 0, 0 ],
        "scale": [ 1, 1, 1 ]
        },
        "firstperson_righthand": {
        "rotation": [ 0, 0, 0 ],
        "translation": [ -1.89, 0, 0 ],
        "scale": [ 1, 1, 1 ]
        },
        "firstperson_lefthand": {
        "rotation": [ 0, 0, 0 ],
        "translation": [ -1.89, 0, 0 ],
        "scale": [ 1, 1, 1 ]
        },
        "gui": {
        "rotation": [ 0, 90, 0 ],
        "translation": [ 0, 0, 0 ],
        "scale": [ 0.5, 0.5, 0.5 ]
        }
        },
    "elements": [
        {
            "name": "Spear Shaft",
            "from": [ 7.600000001490116, -5.0, 8.100000001490116 ], 
            "to": [ 8.199999995529652, 22.0, 8.899999998509884 ], 
            "faces": {
                "north": { "texture": "#0", "uv": [ 3.0, 0.0, 5.0, 14.0 ] },
                "east": { "texture": "#0", "uv": [ 2.0, 1.0, 4.0, 15.0 ] },
                "south": { "texture": "#0", "uv": [ 3.0, 5.0, 6.0, 16.0 ] },
                "west": { "texture": "#0", "uv": [ 3.0, 0.0, 5.0, 15.0 ] },
                "up": { "texture": "#0", "uv": [ 2.0, 5.0, 4.0, 7.0 ] },
                "down": { "texture": "#0", "uv": [ 4.0, 13.0, 5.0, 15.0 ] }
            }
        },
        {
            "name": "Pommel",
            "from": [ 7.700000004470349, -6.3000000163912775, 8.300000007450581 ], 
            "to": [ 8.099999991059304, -4.9000000149011615, 8.699999994039537 ], 
            "faces": {
                "north": { "texture": "#1", "uv": [ 12.0, 0.0, 15.3, 2.3000000000000007 ] },
                "east": { "texture": "#1", "uv": [ 8.0, 4.0, 11.3, 7.300000000000001 ] },
                "south": { "texture": "#1", "uv": [ 10.0, 12.0, 12.3, 14.3 ] },
                "west": { "texture": "#1", "uv": [ 11.0, 13.0, 13.3, 15.3 ] },
                "up": { "texture": "#1", "uv": [ 9.0, 13.0, 11.3, 15.3 ] },
                "down": { "texture": "#1", "uv": [ 10.0, 4.0, 12.3, 6.3 ] }
            }
        },
        {
            "name": "SpearPoint",
            "from": [ 7.7, 22.0, 8.200000001490116 ], 
            "to": [ 8.2, 24.500000022351742, 8.799999998509884 ], 
            "faces": {
                "north": { "texture": "#1", "uv": [ 10.0, 6.0, 14.0, 9.5 ] },
                "east": { "texture": "#1", "uv": [ 9.0, 6.0, 14.0, 8.5 ] },
                "south": { "texture": "#1", "uv": [ 9.0, 6.0, 14.0, 12.5 ] },
                "west": { "texture": "#1", "uv": [ 10.0, 5.0, 14.0, 13.5 ] },
                "up": { "texture": "#1", "uv": [ 10.0, 9.0, 13.0, 13.0 ] },
                "down": { "texture": "#1", "uv": [ 9.0, 5.0, 15.0, 12.0 ] }
            }
        },
        {
            "name": "SpearPoint2",
            "from": [ 7.500000002980232, 22.0, 8.100000004470349 ], 
            "to": [ 8.299999994039535, 22.5, 8.899999995529651 ], 
            "faces": {
                "north": { "texture": "#1", "uv": [ 10.0, 8.0, 12.0, 12.1 ] },
                "east": { "texture": "#1", "uv": [ 9.0, 6.0, 14.0, 12.1 ] },
                "south": { "texture": "#1", "uv": [ 10.0, 4.0, 14.0, 9.1 ] },
                "west": { "texture": "#1", "uv": [ 12.0, 3.0, 15.0, 8.1 ] },
                "up": { "texture": "#1", "uv": [ 8.0, 6.0, 12.0, 12.0 ] },
                "down": { "texture": "#1", "uv": [ 11.0, 6.0, 14.0, 9.0 ] }
            }
        },
        {
            "name": "Spearpoint1",
            "from": [ 7.9, 24.50000000745058, 8.1 ], 
            "to": [ 8.0, 27.00000001490116, 8.9 ], 
            "faces": {
                "north": { "texture": "#1", "uv": [ 10.0, 4.0, 11.1, 11.0 ] },
                "east": { "texture": "#1", "uv": [ 10.0, 4.0, 14.8, 12.0 ] },
                "south": { "texture": "#1", "uv": [ 9.0, 3.0, 11.1, 12.0 ] },
                "west": { "texture": "#1", "uv": [ 10.0, 3.0, 13.8, 11.0 ] },
                "up": { "texture": "#1", "uv": [ 12.0, 5.0, 14.1, 10.8 ] },
                "down": { "texture": "#1", "uv": [ 11.0, 4.0, 14.1, 8.8 ] }
            }
        },
        {
            "name": "SpearPoint3",
            "from": [ 7.9, 27.0, 8.2 ], 
            "to": [ 8.0, 29.0, 8.799999999999999 ], 
            "faces": {
                "north": { "texture": "#1", "uv": [ 11.0, 2.0, 12.1, 11.0 ] },
                "east": { "texture": "#1", "uv": [ 11.0, 4.0, 12.8, 12.0 ] },
                "south": { "texture": "#1", "uv": [ 11.0, 2.0, 13.1, 13.0 ] },
                "west": { "texture": "#1", "uv": [ 12.0, 1.0, 13.8, 12.0 ] },
                "up": { "texture": "#1", "uv": [ 8.0, 2.0, 10.1, 5.8 ] },
                "down": { "texture": "#0", "uv": [ 0.0, 0.0, 3.1, 4.8 ] }
            }
        },
        {
            "name": "SpearPount4",
            "from": [ 7.9, 29.0, 8.3 ], 
            "to": [ 8.0, 30.0, 8.700000000000001 ], 
            "faces": {
                "north": { "texture": "#1", "uv": [ 10.0, 4.0, 13.1, 6.0 ] },
                "east": { "texture": "#1", "uv": [ 9.0, 6.0, 12.8, 9.0 ] },
                "south": { "texture": "#1", "uv": [ 9.0, 6.0, 12.1, 9.0 ] },
                "west": { "texture": "#1", "uv": [ 10.0, 5.0, 13.8, 6.0 ] },
                "up": { "texture": "#1", "uv": [ 11.0, 4.0, 12.1, 5.8 ] },
                "down": { "texture": "#1", "uv": [ 10.0, 4.0, 13.1, 5.8 ] }
            }
        },
        {
            "name": "C1",
            "from": [ 7.5000000014901165, 22.699999983608723, 8.100000004470349 ], 
            "to": [ 8.299999994039537, 23.29999997317791, 8.899999982118608 ], 
            "faces": {
                "north": { "texture": "#1", "uv": [ 13.0, 0.0, 16.0, 2.3000000000000007 ] },
                "east": { "texture": "#1", "uv": [ 13.0, 0.0, 15.3, 2.3000000000000007 ] },
                "south": { "texture": "#1", "uv": [ 13.0, 0.0, 15.3, 2.3000000000000007 ] },
                "west": { "texture": "#1", "uv": [ 13.0, 0.0, 15.3, 2.3000000000000007 ] },
                "up": { "texture": "#1", "uv": [ 13.0, 0.0, 15.3, 2.3000000000000007 ] },
                "down": { "texture": "#1", "uv": [ 13.0, 0.0, 15.3, 2.3 ] }
            }
        }
    ]
}