{
    "__comment": "Model generated using MrCrayfish's Model Creator (http://mrcrayfish.com/modelcreator/)",
    "textures": {
        "0": "blocks/book_normal",
        "1": "blocks/anvil_top_damaged_0",
        "2": "items/iron_axe",
        "3": "blocks/iron_bars",
        "4": "blocks/diamond_ore"
    },
    "elements": [
        {
            "name": "Tang",
            "from": [ 7.5, 0.0, 8.0 ], 
            "to": [ 8.5, 10.0, 9.0 ], 
            "faces": {
                "north": { "texture": "#0", "uv": [ 7.0, 7.0, 8.0, 8.0 ] },
                "east": { "texture": "#0", "uv": [ 5.0, 4.0, 10.0, 8.0 ] },
                "south": { "texture": "#0", "uv": [ 8.0, 4.0, 12.0, 6.0 ] },
                "west": { "texture": "#0", "uv": [ 5.0, 3.0, 10.0, 7.0 ] },
                "up": { "texture": "#0", "uv": [ 7.0, 2.0, 12.0, 8.0 ] },
                "down": { "texture": "#0", "uv": [ 5.0, 3.0, 10.0, 8.0 ] }
            }
        },
        {
            "name": "Pommel",
            "from": [ 7.2, -1.5, 7.8 ], 
            "to": [ 8.700000000000001, -8.881784197001252E-16, 9.3 ], 
            "faces": {
                "north": { "texture": "#1", "uv": [ 6.0, 3.0, 7.5, 4.5 ] },
                "east": { "texture": "#1", "uv": [ 6.0, 3.0, 11.5, 8.5 ] },
                "south": { "texture": "#1", "uv": [ 4.0, 4.0, 9.5, 10.5 ] },
                "west": { "texture": "#1", "uv": [ 6.0, 1.0, 11.5, 6.5 ] },
                "up": { "texture": "#1", "uv": [ 6.0, 3.0, 11.5, 8.5 ] },
                "down": { "texture": "#1", "uv": [ 5.0, 3.0, 9.5, 7.5 ] }
            }
        },
        {
            "name": "Pommel2",
            "from": [ 7.3, -2.5, 7.9 ], 
            "to": [ 8.600000000000001, -1.2000000000000002, 9.200000000000001 ], 
            "faces": {
                "north": { "texture": "#2", "uv": [ 7.0, 3.0, 10.3, 6.3 ] },
                "east": { "texture": "#1", "uv": [ 8.0, 3.0, 12.3, 7.3 ] },
                "south": { "texture": "#1", "uv": [ 6.0, 4.0, 10.3, 8.3 ] },
                "west": { "texture": "#1", "uv": [ 6.0, 2.0, 10.3, 6.3 ] },
                "up": { "texture": "#1", "uv": [ 6.0, 3.0, 10.3, 7.3 ] },
                "down": { "texture": "#1", "uv": [ 4.0, 3.0, 8.3, 7.3 ] }
            }
        },
        {
            "name": "Slope1",
            "from": [ 7.5, 9.9, 5.5 ], 
            "to": [ 8.5, 11.1, 11.5 ], 
            "faces": {
                "north": { "texture": "#1", "uv": [ 6.0, 2.0, 9.2, 12.0 ] },
                "east": { "texture": "#1", "uv": [ 5.0, 1.0, 8.0, 11.0 ] },
                "south": { "texture": "#1", "uv": [ 6.0, 0.0, 9.2, 10.0 ] },
                "west": { "texture": "#1", "uv": [ 4.0, 0.0, 8.0, 11.0 ] },
                "up": { "texture": "#1", "uv": [ 7.0, 2.0, 11.2, 7.0 ] },
                "down": { "texture": "#1", "uv": [ 4.0, 1.0, 8.2, 5.0 ] }
            }
        },
        {
            "name": "Slope2",
            "from": [ 7.6, 10.8, 5.7 ], 
            "to": [ 8.6, 11.600000000000001, 11.2 ], 
            "faces": {
                "north": { "texture": "#1", "uv": [ 5.0, 3.0, 7.8, 12.5 ] },
                "east": { "texture": "#1", "uv": [ 4.0, 1.0, 7.0, 10.5 ] },
                "south": { "texture": "#1", "uv": [ 4.0, 0.0, 6.8, 9.5 ] },
                "west": { "texture": "#1", "uv": [ 5.0, 1.0, 8.0, 11.5 ] },
                "up": { "texture": "#1", "uv": [ 4.0, 2.0, 7.8, 12.0 ] },
                "down": { "texture": "#1", "uv": [ 6.0, 3.0, 8.8, 6.0 ] }
            }
        },
        {
            "name": "Blade1",
            "from": [ 7.9, 11.0, 6.0 ], 
            "to": [ 8.1, 24.0, 11.0 ], 
            "faces": {
                "north": { "texture": "#3", "uv": [ 2.0, 1.0, 3.2, 14.0 ] },
                "east": { "texture": "#3", "uv": [ 2.0, 1.0, 4.0, 16.0 ] },
                "south": { "texture": "#3", "uv": [ 8.0, 5.0, 8.2, 10.0 ] },
                "west": { "texture": "#3", "uv": [ 7.0, 0.0, 9.0, 14.0 ] },
                "up": { "texture": "#3", "uv": [ 3.0, 1.0, 3.2, 15.0 ] },
                "down": { "texture": "#3", "uv": [ 3.0, 0.0, 3.2, 14.0 ] }
            }
        },
        {
            "name": "Blade2",
            "from": [ 7.9, 24.0, 6.5 ], 
            "to": [ 8.1, 29.0, 10.5 ], 
            "faces": {
                "north": { "texture": "#3", "uv": [ 3.0, 3.0, 3.2, 7.0 ] },
                "east": { "texture": "#3", "uv": [ 7.0, 1.0, 9.0, 12.0 ] },
                "south": { "texture": "#3", "uv": [ 3.0, 5.0, 3.2, 9.0 ] },
                "west": { "texture": "#3", "uv": [ 2.0, 2.0, 4.0, 13.0 ] },
                "up": { "texture": "#3", "uv": [ 3.0, 3.0, 3.2, 9.0 ] },
                "down": { "texture": "#3", "uv": [ 3.0, 0.0, 3.2, 6.0 ] }
            }
        },
        {
            "name": "Blade3",
            "from": [ 7.9, 29.0, 6.8 ], 
            "to": [ 8.1, 32.0, 10.3 ], 
            "faces": {
                "north": { "texture": "#3", "uv": [ 3.0, 2.0, 3.2, 5.0 ] },
                "east": { "texture": "#3", "uv": [ 12.0, 2.0, 14.0, 16.0 ] },
                "south": { "texture": "#3", "uv": [ 8.0, 2.0, 8.2, 5.0 ] },
                "west": { "texture": "#3", "uv": [ 7.0, 2.0, 9.0, 16.0 ] },
                "up": { "texture": "#3", "uv": [ 3.0, 0.0, 3.2, 4.0 ] },
                "down": { "texture": "#3", "uv": [ 3.0, 0.0, 3.2, 4.0 ] }
            }
        },
        {
            "name": "Blade4",
            "from": [ 7.9, 32.0, 7.0 ], 
            "to": [ 8.1, 34.0, 10.0 ], 
            "faces": {
                "north": { "texture": "#3", "uv": [ 3.0, 0.0, 3.2, 2.0 ] },
                "east": { "texture": "#3", "uv": [ 2.0, 2.0, 4.0, 15.0 ] },
                "south": { "texture": "#3", "uv": [ 3.0, 2.0, 3.2, 4.0 ] },
                "west": { "texture": "#3", "uv": [ 7.0, 0.0, 8.0, 13.0 ] },
                "up": { "texture": "#3", "uv": [ 3.0, 2.0, 3.2, 6.0 ] },
                "down": { "texture": "#3", "uv": [ 3.0, 5.0, 3.2, 9.0 ] }
            }
        },
        {
            "name": "Blade5",
            "from": [ 7.9, 34.0, 7.5 ], 
            "to": [ 8.1, 35.0, 9.5 ], 
            "faces": {
                "north": { "texture": "#3", "uv": [ 3.0, 2.0, 3.2, 3.0 ] },
                "east": { "texture": "#3", "uv": [ 2.0, 3.0, 4.0, 11.0 ] },
                "south": { "texture": "#3", "uv": [ 5.0, 3.0, 5.2, 4.0 ] },
                "west": { "texture": "#3", "uv": [ 7.0, 7.0, 9.0, 14.0 ] },
                "up": { "texture": "#3", "uv": [ 3.0, 0.0, 3.2, 4.0 ] },
                "down": { "texture": "#3", "uv": [ 3.0, 0.0, 3.2, 4.0 ] }
            }
        },
        {
            "name": "Slope3",
            "from": [ 7.6, 11.5, 6.5 ], 
            "to": [ 8.4, 15.5, 10.5 ], 
            "faces": {
                "north": { "texture": "#4", "uv": [ 0.0, 0.0, 2.8, 14.0 ] },
                "east": { "texture": "#4", "uv": [ 0.0, 3.0, 16.0, 13.0 ] },
                "south": { "texture": "#4", "uv": [ 4.0, 2.0, 6.8, 14.0 ] },
                "west": { "texture": "#4", "uv": [ 0.0, 3.0, 16.0, 13.0 ] },
                "up": { "texture": "#4", "uv": [ 1.0, 2.0, 5.8, 15.0 ] },
                "down": { "texture": "#4", "uv": [ 10.0, 1.0, 15.8, 14.0 ] }
            }
        },
        {
            "name": "Slope4",
            "from": [ 7.6, 15.5, 7.0 ], 
            "to": [ 8.4, 21.5, 10.0 ], 
            "faces": {
                "north": { "texture": "#4", "uv": [ 0.0, 0.0, 2.8, 9.0 ] },
                "east": { "texture": "#4", "uv": [ 1.0, 4.0, 16.0, 13.0 ] },
                "south": { "texture": "#4", "uv": [ 0.0, 0.0, 2.8, 13.0 ] },
                "west": { "texture": "#4", "uv": [ 0.0, 5.0, 16.0, 15.0 ] },
                "up": { "texture": "#4", "uv": [ 0.0, 0.0, 3.8, 14.0 ] },
                "down": { "texture": "#4", "uv": [ 10.0, 0.0, 12.8, 15.0 ] }
            }
        }
    ]
}