{
    "__comment": "Model generated using MrCrayfish's Model Creator (http://mrcrayfish.com/modelcreator/)",
    "textures": {
        "0": "blocks/cobblestone",
        "1": "blocks/hardened_clay_stained_green",
        "2": "blocks/door_iron_lower"
    },
    "display": {
        "thirdperson_righthand": {
        "rotation": [ 0, 0, 0 ],
        "translation": [ 0, 0, 0 ],
        "scale": [ 1.1, 1.1, 1.1 ]
        },
        "thirdperson_lefthand": {
        "rotation": [ 0, 0, 0 ],
        "translation": [ 0, 0, 0 ],
        "scale": [ 1.1, 1.1, 1.1 ]
        },
        "ground": {
        "rotation": [ 0, 0, 0 ],
        "translation": [ 0, 0, 0 ],
        "scale": [ 1.1, 1.1, 1.1 ]
        },
        "fixed": {
        "rotation": [ 0, 0, 0 ],
        "translation": [ 0, 0, 0 ],
        "scale": [ 1.1, 1.1, 1.1 ]
        },
        "firstperson_righthand": {
        "rotation": [ 0, 0, 0 ],
        "translation": [ 0, 0, 0 ],
        "scale": [ 1.1, 1.1, 1.1 ]
        },
        "firstperson_lefthand": {
        "rotation": [ 0, 0, 0 ],
        "translation": [ -1.89, 0, 0 ],
        "scale": [ 1.3, 1.3, 1.3 ]
        },
        "gui": {
        "rotation": [ 0, 90, 0 ],
        "translation": [ 0, -4, 0 ],
        "scale": [ 0.7, 0.7, 0.7 ]
        }
        },
    "elements": [
        {
            "name": "Handle",
            "from": [ 7.8, 3.0, 7.8 ], 
            "to": [ 8.2, 9.0, 8.2 ], 
            "faces": {
                "north": { "texture": "#0", "uv": [ 0.0, 0.0, 3.4, 10.0 ] },
                "east": { "texture": "#0", "uv": [ 0.0, 0.0, 3.4, 12.0 ] },
                "south": { "texture": "#0", "uv": [ 3.0, 1.0, 6.4, 12.0 ] },
                "west": { "texture": "#0", "uv": [ 7.0, 1.0, 11.4, 13.0 ] },
                "up": { "texture": "#0", "uv": [ 6.0, 4.0, 10.4, 8.4 ] },
                "down": { "texture": "#0", "uv": [ 3.0, 2.0, 7.4, 7.4 ] }
            }
        },
        {
            "name": "Guard1",
            "from": [ 7.0, 9.0, 7.0 ], 
            "to": [ 9.0, 9.4, 9.0 ], 
            "faces": {
                "north": { "texture": "#1", "uv": [ 0.0, 0.0, 6.0, 3.4 ] },
                "east": { "texture": "#1", "uv": [ 7.0, 8.0, 13.0, 11.4 ] },
                "south": { "texture": "#1", "uv": [ 5.0, 4.0, 14.0, 8.4 ] },
                "west": { "texture": "#1", "uv": [ 1.0, 6.0, 10.0, 9.4 ] },
                "up": { "texture": "#1", "uv": [ 0.0, 0.0, 6.0, 6.0 ] },
                "down": { "texture": "#1", "uv": [ 5.0, 5.0, 12.0, 12.0 ] }
            }
        },
        {
            "name": "Guard2",
            "from": [ 7.2, 9.4, 6.6 ], 
            "to": [ 8.8, 9.6, 8.2 ], 
            "rotation": { "origin": [ 8.0, 8.0, 8.0 ], "axis": "x", "angle": -45.0 },
            "faces": {
                "north": { "texture": "#1", "uv": [ 2.0, 3.0, 8.6, 5.2 ] },
                "east": { "texture": "#1", "uv": [ 2.0, 3.0, 11.6, 6.2 ] },
                "south": { "texture": "#1", "uv": [ 1.0, 4.0, 8.6, 7.2 ] },
                "west": { "texture": "#1", "uv": [ 5.0, 8.0, 11.6, 11.2 ] },
                "up": { "texture": "#1", "uv": [ 0.0, 0.0, 5.6, 5.6 ] },
                "down": { "texture": "#1", "uv": [ 0.0, 0.0, 5.6, 5.6 ] }
            }
        },
        {
            "name": "Guard3",
            "from": [ 7.2, 9.4, 7.8 ], 
            "to": [ 8.8, 9.6, 9.4 ], 
            "rotation": { "origin": [ 8.0, 8.0, 8.0 ], "axis": "x", "angle": 45.0 },
            "faces": {
                "north": { "texture": "#1", "uv": [ 4.0, 3.0, 10.6, 6.2 ] },
                "east": { "texture": "#1", "uv": [ 4.0, 5.0, 11.6, 9.2 ] },
                "south": { "texture": "#1", "uv": [ 0.0, 9.0, 8.6, 13.2 ] },
                "west": { "texture": "#1", "uv": [ 6.0, 6.0, 14.6, 9.2 ] },
                "up": { "texture": "#1", "uv": [ 0.0, 0.0, 4.6, 4.6 ] },
                "down": { "texture": "#1", "uv": [ 0.0, 0.0, 5.6, 5.6 ] }
            }
        },
        {
            "name": "Blade1",
            "from": [ 7.9, 9.0, 7.9 ], 
            "to": [ 8.1, 26.0, 8.1 ], 
            "faces": {
                "north": { "texture": "#2", "uv": [ 5.0, 0.0, 7.2, 15.0 ] },
                "east": { "texture": "#2", "uv": [ 6.0, 0.0, 9.2, 15.0 ] },
                "south": { "texture": "#2", "uv": [ 0.0, 0.0, 0.2, 11.0 ] },
                "west": { "texture": "#2", "uv": [ 3.0, 0.0, 6.2, 15.0 ] },
                "up": { "texture": "#2", "uv": [ 7.0, 1.0, 8.2, 2.2 ] },
                "down": { "texture": "#2", "uv": [ 3.0, 2.0, 9.2, 7.2 ] }
            }
        }
    ]
}