{
    "__comment": "Model generated using MrCrayfish's Model Creator (http://mrcrayfish.com/modelcreator/)",
    "textures": {
        "0": "blocks/bedrock",
        "1": "blocks/hardened_clay_stained_white",
        "2": "blocks/clay"
    },
    "display": {
        "thirdperson_righthand": {
        "rotation": [ 0, 0, 0 ],
        "translation": [ 0, 0, 0 ],
        "scale": [ 1.1, 1.1, 1.1 ]
        },
        "thirdperson_lefthand": {
        "rotation": [ 0, 0, 0 ],
        "translation": [ 0, 0, 0 ],
        "scale": [ 1.1, 1.1, 1.1 ]
        },
        "ground": {
        "rotation": [ 0, 0, 0 ],
        "translation": [ 0, 0, 0 ],
        "scale": [ 1.1, 1.1, 1.1 ]
        },
        "fixed": {
        "rotation": [ 0, 0, 0 ],
        "translation": [ 0, 0, 0 ],
        "scale": [ 1.1, 1.1, 1.1 ]
        },
        "firstperson_righthand": {
        "rotation": [ 0, 0, 0 ],
        "translation": [ 0, 0, 0 ],
        "scale": [ 1.1, 1.1, 1.1 ]
        },
        "firstperson_lefthand": {
        "rotation": [ 0, 0, 0 ],
        "translation": [ -1.89, 0, 0 ],
        "scale": [ 1.3, 1.3, 1.3 ]
        },
        "gui": {
        "rotation": [ 0, 90, 0 ],
        "translation": [ 0, -4, 0 ],
        "scale": [ 0.7, 0.7, 0.7 ]
        }
        },
    "elements": [
        {
            "name": "Handle",
            "from": [ 7.7, 4.5, 8.0 ], 
            "to": [ 8.3, 8.5, 9.0 ], 
            "faces": {
                "north": { "texture": "#0", "uv": [ 0.0, 0.0, 2.6, 9.0 ] },
                "east": { "texture": "#0", "uv": [ 3.0, 1.0, 5.0, 10.0 ] },
                "south": { "texture": "#0", "uv": [ 0.0, 0.0, 2.6, 8.0 ] },
                "west": { "texture": "#0", "uv": [ 3.0, 2.0, 7.0, 13.0 ] },
                "up": { "texture": "#0", "uv": [ 2.0, 2.0, 3.6, 5.0 ] },
                "down": { "texture": "#0", "uv": [ 3.0, 2.0, 3.6, 4.0 ] }
            }
        },
        {
            "name": "Guard1",
            "from": [ 7.7, 8.5, 7.0 ], 
            "to": [ 8.3, 8.9, 10.0 ], 
            "faces": {
                "north": { "texture": "#1", "uv": [ 0.0, 0.0, 2.6, 2.4 ] },
                "east": { "texture": "#1", "uv": [ 0.0, 0.0, 5.0, 4.4 ] },
                "south": { "texture": "#1", "uv": [ 0.0, 0.0, 3.6, 6.4 ] },
                "west": { "texture": "#1", "uv": [ 0.0, 0.0, 8.0, 3.4 ] },
                "up": { "texture": "#1", "uv": [ 0.0, 0.0, 3.6, 9.0 ] },
                "down": { "texture": "#1", "uv": [ 0.0, 0.0, 3.6, 8.0 ] }
            }
        },
        {
            "name": "Guard2",
            "from": [ 7.6, 8.2, 9.2 ], 
            "to": [ 8.4, 8.6, 11.2 ], 
            "rotation": { "origin": [ 8.0, 8.0, 8.0 ], "axis": "x", "angle": -22.5 },
            "faces": {
                "north": { "texture": "#1", "uv": [ 0.0, 0.0, 4.8, 4.4 ] },
                "east": { "texture": "#1", "uv": [ 0.0, 0.0, 7.0, 4.4 ] },
                "south": { "texture": "#1", "uv": [ 0.0, 0.0, 5.8, 8.4 ] },
                "west": { "texture": "#1", "uv": [ 0.0, 0.0, 10.0, 7.4 ] },
                "up": { "texture": "#1", "uv": [ 0.0, 0.0, 12.8, 7.0 ] },
                "down": { "texture": "#1", "uv": [ 0.0, 0.0, 7.8, 6.0 ] }
            }
        },
        {
            "name": "Guard3",
            "from": [ 7.6, 8.6, 5.9 ], 
            "to": [ 8.4, 9.0, 7.9 ], 
            "rotation": { "origin": [ 8.0, 8.0, 8.0 ], "axis": "x", "angle": 22.5 },
            "faces": {
                "north": { "texture": "#1", "uv": [ 0.0, 0.0, 7.8, 10.4 ] },
                "east": { "texture": "#1", "uv": [ 0.0, 0.0, 8.0, 5.4 ] },
                "south": { "texture": "#1", "uv": [ 0.0, 0.0, 6.8, 9.4 ] },
                "west": { "texture": "#1", "uv": [ 0.0, 0.0, 9.0, 7.4 ] },
                "up": { "texture": "#1", "uv": [ 0.0, 0.0, 4.8, 8.0 ] },
                "down": { "texture": "#1", "uv": [ 0.0, 0.0, 6.8, 12.0 ] }
            }
        },
        {
            "name": "Pommel1",
            "from": [ 7.7, 4.5, 5.6 ], 
            "to": [ 8.3, 5.1, 7.199999999999999 ], 
            "rotation": { "origin": [ 8.0, 8.0, 8.0 ], "axis": "x", "angle": -22.5 },
            "faces": {
                "north": { "texture": "#1", "uv": [ 0.0, 0.0, 5.6, 7.6 ] },
                "east": { "texture": "#1", "uv": [ 0.0, 0.0, 8.6, 4.6 ] },
                "south": { "texture": "#1", "uv": [ 0.0, 0.0, 3.6, 5.6 ] },
                "west": { "texture": "#1", "uv": [ 0.0, 0.0, 6.6, 5.6 ] },
                "up": { "texture": "#1", "uv": [ 0.0, 0.0, 4.6, 9.6 ] },
                "down": { "texture": "#1", "uv": [ 0.0, 0.0, 4.6, 10.6 ] }
            }
        },
        {
            "name": "Pommel2",
            "from": [ 7.7, 4.9, 9.8 ], 
            "to": [ 8.3, 5.5, 11.4 ], 
            "rotation": { "origin": [ 8.0, 8.0, 8.0 ], "axis": "x", "angle": 22.5 },
            "faces": {
                "north": { "texture": "#1", "uv": [ 0.0, 0.0, 4.6, 5.6 ] },
                "east": { "texture": "#1", "uv": [ 0.0, 0.0, 9.6, 6.6 ] },
                "south": { "texture": "#1", "uv": [ 0.0, 0.0, 2.6, 3.6 ] },
                "west": { "texture": "#1", "uv": [ 0.0, 0.0, 5.6, 6.6 ] },
                "up": { "texture": "#1", "uv": [ 0.0, 0.0, 2.6, 9.6 ] },
                "down": { "texture": "#1", "uv": [ 0.0, 0.0, 4.6, 6.6 ] }
            }
        },
        {
            "name": "Blade1",
            "from": [ 7.9, 8.5, 7.5 ], 
            "to": [ 8.1, 19.9, 9.5 ], 
            "faces": {
                "north": { "texture": "#2", "uv": [ 3.0, 0.0, 3.2, 11.4 ] },
                "east": { "texture": "#2", "uv": [ 5.0, 0.0, 8.0, 11.4 ] },
                "south": { "texture": "#2", "uv": [ 11.0, 1.0, 11.2, 12.4 ] },
                "west": { "texture": "#2", "uv": [ 4.0, 0.0, 7.0, 11.4 ] },
                "up": { "texture": "#2", "uv": [ 3.0, 2.0, 3.2, 4.0 ] },
                "down": { "texture": "#2", "uv": [ 5.0, 4.0, 5.2, 6.0 ] }
            }
        },
        {
            "name": "Blade2",
            "from": [ 7.9, 19.9, 7.7 ], 
            "to": [ 8.1, 21.299999999999997, 9.3 ], 
            "faces": {
                "north": { "texture": "#2", "uv": [ 3.0, 2.0, 3.2, 3.4000000000000004 ] },
                "east": { "texture": "#2", "uv": [ 4.0, 4.0, 6.0, 7.4 ] },
                "south": { "texture": "#2", "uv": [ 9.0, 5.0, 9.2, 6.4 ] },
                "west": { "texture": "#2", "uv": [ 1.0, 1.0, 3.0, 3.4000000000000004 ] },
                "up": { "texture": "#2", "uv": [ 5.0, 3.0, 5.2, 4.6 ] },
                "down": { "texture": "#2", "uv": [ 3.0, 2.0, 3.2, 3.6 ] }
            }
        },
        {
            "name": "Blade3",
            "from": [ 7.9, 21.2, 7.9 ], 
            "to": [ 8.1, 22.6, 9.1 ], 
            "faces": {
                "north": { "texture": "#2", "uv": [ 3.0, 2.0, 3.2, 3.4000000000000004 ] },
                "east": { "texture": "#2", "uv": [ 7.0, 3.0, 9.0, 6.4 ] },
                "south": { "texture": "#2", "uv": [ 9.0, 5.0, 9.2, 6.4 ] },
                "west": { "texture": "#2", "uv": [ 5.0, 3.0, 7.0, 5.4 ] },
                "up": { "texture": "#2", "uv": [ 5.0, 3.0, 5.2, 4.2 ] },
                "down": { "texture": "#2", "uv": [ 3.0, 2.0, 3.2, 3.2 ] }
            }
        },
        {
            "name": "Blade4",
            "from": [ 7.9, 22.6, 8.1 ], 
            "to": [ 8.1, 24.0, 8.9 ], 
            "faces": {
                "north": { "texture": "#2", "uv": [ 3.0, 2.0, 3.2, 3.4000000000000004 ] },
                "east": { "texture": "#2", "uv": [ 7.0, 3.0, 9.0, 6.4 ] },
                "south": { "texture": "#2", "uv": [ 9.0, 5.0, 9.2, 6.4 ] },
                "west": { "texture": "#2", "uv": [ 5.0, 3.0, 7.0, 5.4 ] },
                "up": { "texture": "#2", "uv": [ 5.0, 3.0, 5.2, 3.8 ] },
                "down": { "texture": "#2", "uv": [ 3.0, 2.0, 3.2, 2.8 ] }
            }
        }
    ]
}