{
    "__comment": "Model generated using MrCrayfish's Model Creator (http://mrcrayfish.com/modelcreator/)",
    "textures": {
        "0": "blocks/snow",
        "1": "blocks/furnace_side",
        "2": "blocks/frosted_ice_0",
        "3": "blocks/glass_pane_top_light_blue"
    },
    "display": {
        "thirdperson_righthand": {
        "rotation": [ 0, 0, 0 ],
        "translation": [ 0, 0, 0 ],
        "scale": [ 1.1, 1.1, 1.1 ]
        },
        "thirdperson_lefthand": {
        "rotation": [ 0, 0, 0 ],
        "translation": [ 0, 0, 0 ],
        "scale": [ 1.1, 1.1, 1.1 ]
        },
        "ground": {
        "rotation": [ 0, 0, 0 ],
        "translation": [ 0, 0, 0 ],
        "scale": [ 1.1, 1.1, 1.1 ]
        },
        "fixed": {
        "rotation": [ 0, 0, 0 ],
        "translation": [ 0, 0, 0 ],
        "scale": [ 1.1, 1.1, 1.1 ]
        },
        "firstperson_righthand": {
        "rotation": [ 0, 0, 0 ],
        "translation": [ 0, 0, 0 ],
        "scale": [ 1.1, 1.1, 1.1 ]
        },
        "firstperson_lefthand": {
        "rotation": [ 0, 0, 0 ],
        "translation": [ -1.89, 0, 0 ],
        "scale": [ 1.3, 1.3, 1.3 ]
        },
        "gui": {
        "rotation": [ 0, 90, 0 ],
        "translation": [ 0, -4, 0 ],
        "scale": [ 0.7, 0.7, 0.7 ]
        }
        },
    "elements": [
        {
            "name": "Blade",
            "from": [ 7.9, 9.0, 10.0 ], 
            "to": [ 8.1, 28.0, 10.2 ], 
            "faces": {
                "north": { "texture": "#0", "uv": [ 5.0, 5.0, 5.2, 5.2 ] },
                "east": { "texture": "#0", "uv": [ 0.0, 5.0, 12.0, 9.2 ] },
                "south": { "texture": "#0", "uv": [ 8.0, 4.0, 8.2, 6.2 ] },
                "west": { "texture": "#0", "uv": [ 0.0, 0.0, 13.0, 4.2 ] },
                "up": { "texture": "#0", "uv": [ 2.0, 0.0, 10.2, 16.0 ] },
                "down": { "texture": "#0", "uv": [ 3.0, 0.0, 7.2, 14.0 ] }
            }
        },
        {
            "name": "Handdle1",
            "from": [ 7.7, 3.0, 9.8 ], 
            "to": [ 8.3, 9.0, 10.4 ], 
            "faces": {
                "north": { "texture": "#1", "uv": [ 5.0, 11.0, 6.6, 12.6 ] },
                "east": { "texture": "#1", "uv": [ 3.0, 9.0, 12.0, 12.6 ] },
                "south": { "texture": "#1", "uv": [ 6.0, 10.0, 8.6, 12.6 ] },
                "west": { "texture": "#1", "uv": [ 3.0, 11.0, 12.0, 13.6 ] },
                "up": { "texture": "#1", "uv": [ 8.0, 10.0, 8.6, 14.0 ] },
                "down": { "texture": "#1", "uv": [ 6.0, 9.0, 6.6, 13.0 ] }
            }
        },
        {
            "name": "Guard1",
            "from": [ 7.0, 9.0, 9.6 ], 
            "to": [ 9.0, 9.3, 10.6 ], 
            "faces": {
                "north": { "texture": "#2", "uv": [ 0.0, 0.0, 8.0, 6.3 ] },
                "east": { "texture": "#2", "uv": [ 3.0, 2.0, 7.3, 6.3 ] },
                "south": { "texture": "#2", "uv": [ 0.0, 0.0, 9.0, 5.3 ] },
                "west": { "texture": "#2", "uv": [ 0.0, 0.0, 4.3, 4.3 ] },
                "up": { "texture": "#2", "uv": [ 0.0, 0.0, 9.0, 3.3 ] },
                "down": { "texture": "#2", "uv": [ 2.0, 4.0, 13.0, 9.3 ] }
            }
        },
        {
            "name": "Guard2",
            "from": [ 7.8, 2.6, 9.9 ], 
            "to": [ 8.2, 3.0000000000000004, 10.3 ], 
            "faces": {
                "north": { "texture": "#3", "uv": [ 7.0, 1.0, 8.4, 3.4 ] },
                "east": { "texture": "#3", "uv": [ 7.0, 1.0, 8.4, 5.4 ] },
                "south": { "texture": "#3", "uv": [ 7.0, 1.0, 7.4, 2.4 ] },
                "west": { "texture": "#3", "uv": [ 7.0, 2.0, 8.4, 4.4 ] },
                "up": { "texture": "#3", "uv": [ 7.0, 2.0, 8.4, 3.4 ] },
                "down": { "texture": "#3", "uv": [ 7.0, 1.0, 8.4, 4.4 ] }
            }
        },
        {
            "name": "Guard3",
            "from": [ 7.5, 7.2, 10.6 ], 
            "to": [ 8.5, 8.2, 10.8 ], 
            "rotation": { "origin": [ 8.0, 8.0, 8.0 ], "axis": "x", "angle": -22.5 },
            "faces": {
                "north": { "texture": "#2", "uv": [ 0.0, 0.0, 4.0, 4.0 ] },
                "east": { "texture": "#2", "uv": [ 0.0, 0.0, 5.2, 9.0 ] },
                "south": { "texture": "#2", "uv": [ 0.0, 0.0, 4.0, 5.0 ] },
                "west": { "texture": "#2", "uv": [ 7.0, 4.0, 10.2, 8.0 ] },
                "up": { "texture": "#2", "uv": [ 4.0, 2.0, 14.0, 6.2 ] },
                "down": { "texture": "#2", "uv": [ 0.0, 4.0, 7.0, 8.2 ] }
            }
        },
        {
            "name": "Guard4",
            "from": [ 7.5, 8.8, 9.1 ], 
            "to": [ 8.5, 9.8, 9.3 ], 
            "rotation": { "origin": [ 8.0, 8.0, 8.0 ], "axis": "x", "angle": 22.5 },
            "faces": {
                "north": { "texture": "#2", "uv": [ 0.0, 0.0, 5.0, 5.0 ] },
                "east": { "texture": "#2", "uv": [ 0.0, 5.0, 4.2, 11.0 ] },
                "south": { "texture": "#2", "uv": [ 4.0, 6.0, 8.0, 10.0 ] },
                "west": { "texture": "#2", "uv": [ 3.0, 0.0, 8.2, 7.0 ] },
                "up": { "texture": "#2", "uv": [ 0.0, 0.0, 11.0, 5.199999999999999 ] },
                "down": { "texture": "#2", "uv": [ 1.0, 2.0, 9.0, 6.2 ] }
            }
        }
    ]
}