{
    "__comment": "Model generated using MrCrayfish's Model Creator (http://mrcrayfish.com/modelcreator/)",
    "textures": {
        "0": "blocks/glass_silver",
        "1": "blocks/enchanting_table_top"
    },
    "elements": [
        {
            "name": "Crystal1",
            "from": [ 6.5, 8.0, 9.0 ], 
            "to": [ 9.5, 11.0, 12.0 ], 
            "faces": {
                "north": { "texture": "#0", "uv": [ 0.0, 0.0, 3.0, 3.0 ] },
                "east": { "texture": "#0", "uv": [ 0.0, 0.0, 3.0, 3.0 ] },
                "south": { "texture": "#0", "uv": [ 0.0, 0.0, 3.0, 3.0 ] },
                "west": { "texture": "#0", "uv": [ 0.0, 0.0, 3.0, 3.0 ] },
                "up": { "texture": "#0", "uv": [ 0.0, 0.0, 3.0, 3.0 ] },
                "down": { "texture": "#0", "uv": [ 0.0, 0.0, 3.0, 3.0 ] }
            }
        },
        {
            "name": "Wrap",
            "from": [ 6.3, 9.0, 8.7 ], 
            "to": [ 9.8, 10.0, 12.2 ], 
            "faces": {
                "north": { "texture": "#1", "uv": [ 3.0, 3.0, 12.5, 6.0 ] },
                "east": { "texture": "#1", "uv": [ 2.0, 4.0, 13.5, 8.0 ] },
                "south": { "texture": "#1", "uv": [ 2.0, 8.0, 13.5, 12.0 ] },
                "west": { "texture": "#1", "uv": [ 2.0, 4.0, 14.5, 8.0 ] },
                "up": { "texture": "#1", "uv": [ 5.0, 0.0, 7.5, 2.5 ] },
                "down": { "texture": "#1", "uv": [ 5.0, 4.0, 10.5, 9.5 ] }
            }
        },
        {
            "name": "Crystal2",
            "from": [ 6.8, 10.0, 9.2 ], 
            "to": [ 9.3, 12.7, 11.7 ], 
            "faces": {
                "north": { "texture": "#0", "uv": [ 0.0, 0.0, 2.5, 2.7 ] },
                "east": { "texture": "#0", "uv": [ 0.0, 0.0, 2.5, 2.7 ] },
                "south": { "texture": "#0", "uv": [ 0.0, 0.0, 2.5, 2.7 ] },
                "west": { "texture": "#0", "uv": [ 0.0, 0.0, 2.5, 2.7 ] },
                "up": { "texture": "#0", "uv": [ 0.0, 0.0, 2.5, 2.5 ] },
                "down": { "texture": "#0", "uv": [ 0.0, 0.0, 2.5, 2.5 ] }
            }
        }
    ]
}