{
    "parent": "item/handheld",
    "textures": {
        "layer0": "items/iron_axe"
    },
	"overrides": [
        {"predicate": {"damage": 0.004},"model": "item/iron_knuckle"},
        {"predicate": {"damage": 0.008},"model": "item/arm_blade"},
        {"predicate": {"damage": 0.012},"model": "item/knuckles_green"},
        {"predicate": {"damage": 0.016},"model": "item/bone_claw"},
        {"predicate": {"damage": 0.020},"model": "item/"},
        {"predicate": {"damage": 0.024},"model": "item/"},
        {"predicate": {"damage": 0.028},"model": "item/"},
        {"predicate": {"damage": 0.032},"model": "item/"},
        {"predicate": {"damage": 0.036},"model": "item/"},
        {"predicate": {"damage": 0.040},"model": "item/"},
        {"predicate": {"damage": 0.044},"model": "item/"},
        {"predicate": {"damage": 0.048},"model": "item/"},
        {"predicate": {"damage": 0.052},"model": "item/"},
        {"predicate": {"damage": 0.056},"model": "item/"},
        {"predicate": {"damage": 0.060},"model": "item/"},
		{"predicate": {"damage": 0.064},"model": "item/"},
		{"predicate": {"damage": 0.068},"model": "item/"},
		{"predicate": {"damage": 0.072},"model": "item/"},
		{"predicate": {"damage": 0.076},"model": "item/"},
		{"predicate": {"damage": 0.080},"model": "item/"},
		{"predicate": {"damage": 0.084},"model": "item/"},
		{"predicate": {"damage": 0.088},"model": "item/"},
		{"predicate": {"damage": 0.092},"model": "item/"},
		{"predicate": {"damage": 0.096},"model": "item/"}
    ]
}