{
    "parent": "item/handheld",
    "textures": {
        "layer0": "items/iron_shovel"
    },
	"overrides": [
        {"predicate": {"damage": 0.004},"model": "item/spearkind_1"},
        {"predicate": {"damage": 0.008},"model": "item/spearkind_3"},
        {"predicate": {"damage": 0.012},"model": "item/spearkind_2"},
        {"predicate": {"damage": 0.016},"model": "item/red_lance"},
        {"predicate": {"damage": 0.020},"model": "item/stave"},
        {"predicate": {"damage": 0.024},"model": "item/spearkind_four"},
        {"predicate": {"damage": 0.028},"model": "item/gae_bolg"},
        {"predicate": {"damage": 0.032},"model": "item/"},
        {"predicate": {"damage": 0.036},"model": "item/"},
        {"predicate": {"damage": 0.040},"model": "item/"},
        {"predicate": {"damage": 0.044},"model": "item/"},
        {"predicate": {"damage": 0.048},"model": "item/"},
        {"predicate": {"damage": 0.052},"model": "item/"},
        {"predicate": {"damage": 0.066},"model": "item/"},
        {"predicate": {"damage": 0.070},"model": "item/"},
		{"predicate": {"damage": 0.074},"model": "item/"},
		{"predicate": {"damage": 0.078},"model": "item/"},
		{"predicate": {"damage": 0.082},"model": "item/"},
		{"predicate": {"damage": 0.086},"model": "item/"},
		{"predicate": {"damage": 0.090},"model": "item/"},
		{"predicate": {"damage": 0.094},"model": "item/"},
		{"predicate": {"damage": 0.098},"model": "item/"},
		{"predicate": {"damage": 0.102},"model": "item/"},
		{"predicate": {"damage": 0.106},"model": "item/"}
    ]
}