{
    "parent": "item/handheld",
    "textures": {
        "layer0": "items/iron_sword"
    },
	"overrides": [
        {"predicate": {"damage": 0.004},"model": "item/rabbit_knife"},
        {"predicate": {"damage": 0.008},"model": "item/beginner_knife"},
        {"predicate": {"damage": 0.012},"model": "item/knife_3"},
        {"predicate": {"damage": 0.016},"model": "item/leech_blade"},
        {"predicate": {"damage": 0.026},"model": "item/"},
        {"predicate": {"damage": 0.031},"model": "item/"},
        {"predicate": {"damage": 0.036},"model": "item/"},
        {"predicate": {"damage": 0.041},"model": "item/"},
        {"predicate": {"damage": 0.046},"model": "item/"},
        {"predicate": {"damage": 0.051},"model": "item/"},
        {"predicate": {"damage": 0.056},"model": "item/"},
        {"predicate": {"damage": 0.061},"model": "item/"},
        {"predicate": {"damage": 0.066},"model": "item/"},
        {"predicate": {"damage": 0.071},"model": "item/"},
		{"predicate": {"damage": 0.076},"model": "item/"},
		{"predicate": {"damage": 0.081},"model": "item/"},
		{"predicate": {"damage": 0.086},"model": "item/"},
		{"predicate": {"damage": 0.091},"model": "item/"},
		{"predicate": {"damage": 0.096},"model": "item/"},
		{"predicate": {"damage": 0.101},"model": "item/"},
		{"predicate": {"damage": 0.106},"model": "item/"},
		{"predicate": {"damage": 0.111},"model": "item/"},
		{"predicate": {"damage": 0.116},"model": "item/"}
    ]
}