{
    "__comment": "Model generated using MrCrayfish's Model Creator (http://mrcrayfish.com/modelcreator/)",
    "textures": {
        "0": "blocks/anvil_base",
        "1": "blocks/gold_ore",
        "2": "blocks/iron_block"
    },
    "display": {
        "thirdperson_righthand": {
        "rotation": [ 0, 0, 0 ],
        "translation": [ 0, 0, 0 ],
        "scale": [ 1.1, 2.0, 1.1 ]
        },
        "thirdperson_lefthand": {
        "rotation": [ 0, 0, 0 ],
        "translation": [ 0, 0, 0 ],
        "scale": [ 1, 2.0, 1 ]
        },
        "ground": {
        "rotation": [ 0, 0, 0 ],
        "translation": [ 0, 0, 0 ],
        "scale": [ 1, 2, 1 ]
        },
        "fixed": {
        "rotation": [ 0, 0, 0 ],
        "translation": [ 0, 0, 0 ],
        "scale": [ 1, 1, 1 ]
        },
        "firstperson_righthand": {
        "rotation": [ 0, 0, 0 ],
        "translation": [ 0, 0, 0 ],
        "scale": [ 1, 2, 1 ]
        },
        "firstperson_lefthand": {
        "rotation": [ 0, 0, 0 ],
        "translation": [ -1.89, 0, 0 ],
        "scale": [ 1, 2, 1 ]
        },
        "gui": {
        "rotation": [ 0, 90, 0 ],
        "translation": [ 0, -2, 0 ],
        "scale": [ 1, 1, 1 ]
        }
        },
    "elements": [
        {
            "name": "Handle",
            "from": [ 7.4000000059604645, 8.400000005960464, 8.0 ], 
            "to": [ 8.600000008940697, 8.799999997019768, 11.000000029802322 ], 
            "faces": {
                "north": { "texture": "#0", "uv": [ 0.0, 0.0, 1.2000000029802322, 0.3999999910593033 ] },
                "east": { "texture": "#0", "uv": [ 0.0, 0.0, 3.0000000298023224, 0.3999999910593033 ] },
                "south": { "texture": "#0", "uv": [ 0.0, 0.0, 1.2000000029802322, 0.3999999910593033 ] },
                "west": { "texture": "#0", "uv": [ 0.0, 0.0, 3.0000000298023224, 0.3999999910593033 ] },
                "up": { "texture": "#0", "uv": [ 0.0, 0.0, 1.2000000029802322, 3.0000000298023224 ] },
                "down": { "texture": "#0", "uv": [ 0.0, 0.0, 1.2000000029802322, 3.0000000298023224 ] }
            }
        },
        {
            "name": "Handle2",
            "from": [ 7.600000008940697, 3.4000000059604645, 9.000000014901161 ], 
            "to": [ 8.400000005960464, 8.400000020861626, 9.800000041723251 ], 
            "faces": {
                "north": { "texture": "#1", "uv": [ 10.0, 8.0, 10.799999997019768, 13.000000014901161 ] },
                "east": { "texture": "#1", "uv": [ 4.0, 2.0, 4.80000002682209, 7.000000014901161 ] },
                "south": { "texture": "#1", "uv": [ 10.0, 7.0, 10.799999997019768, 12.000000014901161 ] },
                "west": { "texture": "#1", "uv": [ 2.0, 6.0, 2.80000002682209, 11.000000014901161 ] },
                "up": { "texture": "#1", "uv": [ 6.0, 5.0, 6.799999997019768, 5.80000002682209 ] },
                "down": { "texture": "#1", "uv": [ 5.0, 6.0, 5.799999997019768, 6.80000002682209 ] }
            }
        },
        {
            "name": "Pommel",
            "from": [ 7.500000007450581, 2.199999988079071, 8.900000013411045 ], 
            "to": [ 8.50000000745058, 3.5000000074505806, 9.900000043213367 ], 
            "faces": {
                "north": { "texture": "#1", "uv": [ 9.0, 12.0, 10.0, 13.30000001937151 ] },
                "east": { "texture": "#1", "uv": [ 6.0, 5.0, 7.000000029802322, 6.3000000193715096 ] },
                "south": { "texture": "#1", "uv": [ 5.0, 6.0, 6.0, 7.3000000193715096 ] },
                "west": { "texture": "#1", "uv": [ 5.0, 5.0, 6.000000029802322, 6.3000000193715096 ] },
                "up": { "texture": "#1", "uv": [ 5.0, 5.0, 6.0, 6.000000029802322 ] },
                "down": { "texture": "#1", "uv": [ 9.0, 12.0, 10.0, 13.000000029802322 ] }
            }
        },
        {
            "name": "Blade1",
            "from": [ 7.900000013411045, 8.400000005960464, 8.900000013411045 ], 
            "to": [ 8.100000001490116, 16.799999997019768, 10.30000003427267 ], 
            "faces": {
                "north": { "texture": "#0", "uv": [ 0.0, 0.0, 0.19999998807907104, 8.399999991059303 ] },
                "east": { "texture": "#0", "uv": [ 0.0, 0.0, 1.4000000208616257, 8.399999991059303 ] },
                "south": { "texture": "#0", "uv": [ 0.0, 0.0, 0.19999998807907104, 8.399999991059303 ] },
                "west": { "texture": "#0", "uv": [ 0.0, 0.0, 1.4000000208616257, 8.399999991059303 ] },
                "up": { "texture": "#0", "uv": [ 0.0, 0.0, 0.19999998807907104, 1.4000000208616257 ] },
                "down": { "texture": "#0", "uv": [ 0.0, 0.0, 0.19999998807907104, 1.4000000208616257 ] }
            }
        },
        {
            "name": "Blade2",
            "from": [ 7.900000013411045, 14.400000005960464, 9.500000022351742 ], 
            "to": [ 8.100000001490116, 18.100000001490116, 10.30000003427267 ], 
            "faces": {
                "north": { "texture": "#0", "uv": [ 0.0, 0.0, 0.19999998807907104, 3.6999999955296516 ] },
                "east": { "texture": "#0", "uv": [ 0.0, 0.0, 0.800000011920929, 3.6999999955296516 ] },
                "south": { "texture": "#0", "uv": [ 0.0, 0.0, 0.19999998807907104, 3.6999999955296516 ] },
                "west": { "texture": "#0", "uv": [ 0.0, 0.0, 0.800000011920929, 3.6999999955296516 ] },
                "up": { "texture": "#0", "uv": [ 0.0, 0.0, 0.19999998807907104, 0.800000011920929 ] },
                "down": { "texture": "#0", "uv": [ 0.0, 0.0, 0.19999998807907104, 0.800000011920929 ] }
            }
        },
        {
            "name": "Blade3",
            "from": [ 7.900000013411045, 16.400000005960464, 5.499999992549419 ], 
            "to": [ 8.100000001490116, 17.8999999538064, 6.4000000059604645 ], 
            "rotation": { "origin": [ 8.0, 8.0, 8.0 ], "axis": "x", "angle": 22.5 },
            "faces": {
                "north": { "texture": "#0", "uv": [ 0.0, 0.0, 0.19999998807907104, 1.4999999478459358 ] },
                "east": { "texture": "#0", "uv": [ 0.0, 0.0, 0.9000000134110451, 1.4999999478459358 ] },
                "south": { "texture": "#0", "uv": [ 0.0, 0.0, 0.19999998807907104, 1.4999999478459358 ] },
                "west": { "texture": "#0", "uv": [ 0.0, 0.0, 0.9000000134110451, 1.4999999478459358 ] },
                "up": { "texture": "#0", "uv": [ 0.0, 0.0, 0.19999998807907104, 0.9000000134110451 ] },
                "down": { "texture": "#0", "uv": [ 0.0, 0.0, 0.19999998807907104, 0.9000000134110451 ] }
            }
        },
        {
            "name": "Blade4",
            "from": [ 7.900000013411045, 18.10000006109476, 10.000000029802322 ], 
            "to": [ 8.100000001490116, 19.100000023841858, 10.30000003427267 ], 
            "faces": {
                "north": { "texture": "#0", "uv": [ 0.0, 0.0, 0.19999998807907104, 0.999999962747097 ] },
                "east": { "texture": "#0", "uv": [ 0.0, 0.0, 0.30000000447034836, 0.999999962747097 ] },
                "south": { "texture": "#0", "uv": [ 0.0, 0.0, 0.19999998807907104, 0.999999962747097 ] },
                "west": { "texture": "#0", "uv": [ 0.0, 0.0, 0.30000000447034836, 0.999999962747097 ] },
                "up": { "texture": "#0", "uv": [ 0.0, 0.0, 0.19999998807907104, 0.30000000447034836 ] },
                "down": { "texture": "#0", "uv": [ 0.0, 0.0, 0.19999998807907104, 0.30000000447034836 ] }
            }
        },
        {
            "name": "Blade5",
            "from": [ 7.900000013411045, 17.800000056624413, 5.500000037252903 ], 
            "to": [ 8.100000001490116, 19.000000022351742, 5.9000000432133675 ], 
            "rotation": { "origin": [ 8.0, 8.0, 8.0 ], "axis": "x", "angle": 22.5 },
            "faces": {
                "north": { "texture": "#0", "uv": [ 0.0, 0.0, 0.19999998807907104, 1.1999999657273293 ] },
                "east": { "texture": "#0", "uv": [ 0.0, 0.0, 0.4000000059604645, 1.1999999657273293 ] },
                "south": { "texture": "#0", "uv": [ 0.0, 0.0, 0.19999998807907104, 1.1999999657273293 ] },
                "west": { "texture": "#0", "uv": [ 0.0, 0.0, 0.4000000059604645, 1.1999999657273293 ] },
                "up": { "texture": "#0", "uv": [ 0.0, 0.0, 0.19999998807907104, 0.4000000059604645 ] },
                "down": { "texture": "#0", "uv": [ 0.0, 0.0, 0.19999998807907104, 0.4000000059604645 ] }
            }
        },
        {
            "name": "Fix",
            "from": [ 7.900000013411045, 17.800000056624413, 5.600000038743019 ], 
            "to": [ 8.100000001490116, 18.600000016391277, 6.000000044703484 ], 
            "rotation": { "origin": [ 8.0, 8.0, 8.0 ], "axis": "x", "angle": 22.5 },
            "faces": {
                "north": { "texture": "#0", "uv": [ 0.0, 0.0, 0.19999998807907104, 0.7999999597668648 ] },
                "east": { "texture": "#0", "uv": [ 0.0, 0.0, 0.4000000059604645, 0.7999999597668648 ] },
                "south": { "texture": "#0", "uv": [ 0.0, 0.0, 0.19999998807907104, 0.7999999597668648 ] },
                "west": { "texture": "#0", "uv": [ 0.0, 0.0, 0.4000000059604645, 0.7999999597668648 ] },
                "up": { "texture": "#0", "uv": [ 0.0, 0.0, 0.19999998807907104, 0.4000000059604645 ] },
                "down": { "texture": "#0", "uv": [ 0.0, 0.0, 0.19999998807907104, 0.4000000059604645 ] }
            }
        },
        {
            "name": "Edge1",
            "from": [ 7.900000013411045, 8.400000005960464, 8.700000010430813 ], 
            "to": [ 8.100000001490116, 16.799999997019768, 8.900000013411045 ], 
            "faces": {
                "north": { "texture": "#2", "uv": [ 5.0, 4.0, 8.199999988079071, 5.399999991059303 ] },
                "east": { "texture": "#2", "uv": [ 6.0, 4.0, 7.400000020861626, 4.399999991059303 ] },
                "south": { "texture": "#2", "uv": [ 1.0, 4.0, 8.199999988079071, 5.399999991059303 ] },
                "west": { "texture": "#2", "uv": [ 3.0, 2.0, 12.400000020861626, 3.3999999910593033 ] },
                "up": { "texture": "#2", "uv": [ 0.0, 0.0, 0.19999998807907104, 0.20000000298023224 ] },
                "down": { "texture": "#2", "uv": [ 0.0, 0.0, 0.19999998807907104, 0.20000000298023224 ] }
            }
        },
        {
            "name": "Edge2",
            "from": [ 7.900000013411045, 16.400000005960464, 5.3000000193715096 ], 
            "to": [ 8.100000001490116, 20.0, 5.500000022351742 ], 
            "rotation": { "origin": [ 8.0, 8.0, 8.0 ], "axis": "x", "angle": 22.5 },
            "faces": {
                "north": { "texture": "#2", "uv": [ 5.0, 4.0, 8.199999988079071, 5.399999991059303 ] },
                "east": { "texture": "#2", "uv": [ 6.0, 4.0, 7.400000020861626, 4.399999991059303 ] },
                "south": { "texture": "#2", "uv": [ 1.0, 4.0, 8.199999988079071, 5.399999991059303 ] },
                "west": { "texture": "#2", "uv": [ 3.0, 2.0, 12.400000020861626, 3.3999999910593033 ] },
                "up": { "texture": "#2", "uv": [ 0.0, 0.0, 0.19999998807907104, 0.20000000298023224 ] },
                "down": { "texture": "#2", "uv": [ 0.0, 0.0, 0.19999998807907104, 0.20000000298023224 ] }
            }
        },
        {
            "name": "Edge3",
            "from": [ 7.900000013411045, 19.200000002980232, 10.000000014901161 ], 
            "to": [ 8.100000001490116, 20.0, 10.30000001937151 ], 
            "faces": {
                "north": { "texture": "#2", "uv": [ 5.0, 4.0, 8.199999988079071, 5.399999991059303 ] },
                "east": { "texture": "#2", "uv": [ 6.0, 4.0, 7.400000020861626, 4.399999991059303 ] },
                "south": { "texture": "#2", "uv": [ 1.0, 4.0, 8.199999988079071, 5.399999991059303 ] },
                "west": { "texture": "#2", "uv": [ 3.0, 2.0, 12.400000020861626, 3.3999999910593033 ] },
                "up": { "texture": "#2", "uv": [ 0.0, 0.0, 0.19999998807907104, 0.30000000447034836 ] },
                "down": { "texture": "#2", "uv": [ 0.0, 0.0, 0.19999998807907104, 0.30000000447034836 ] }
            }
        }
    ]
}