{
    "__comment": "Model generated using MrCrayfish's Model Creator (http://mrcrayfish.com/modelcreator/)",
    "textures": {
        "0": "blocks/coal_block",
        "1": "blocks/iron_bars",
        "2": "blocks/anvil_base"
    },
    "elements": [
        {
            "name": "Handle",
            "from": [ 7.5, 2.4, 8.5 ], 
            "to": [ 8.5, 8.4, 9.5 ], 
            "faces": {
                "north": { "texture": "#0", "uv": [ 0.0, 0.0, 5.0, 13.0 ] },
                "east": { "texture": "#0", "uv": [ 4.0, 1.0, 11.0, 14.0 ] },
                "south": { "texture": "#0", "uv": [ 7.0, 3.0, 12.0, 13.0 ] },
                "west": { "texture": "#0", "uv": [ 6.0, 4.0, 13.0, 15.0 ] },
                "up": { "texture": "#0", "uv": [ 0.0, 0.0, 4.0, 3.0 ] },
                "down": { "texture": "#0", "uv": [ 0.0, 0.0, 7.0, 7.0 ] }
            }
        },
        {
            "name": "Guard1",
            "from": [ 7.2, 8.3, 7.5 ], 
            "to": [ 8.8, 8.5, 10.5 ], 
            "faces": {
                "north": { "texture": "#1", "uv": [ 3.0, 2.0, 8.6, 3.2 ] },
                "east": { "texture": "#1", "uv": [ 3.0, 2.0, 8.0, 3.2 ] },
                "south": { "texture": "#1", "uv": [ 3.0, 2.0, 8.6, 3.2 ] },
                "west": { "texture": "#1", "uv": [ 3.0, 2.0, 9.0, 3.2 ] },
                "up": { "texture": "#1", "uv": [ 2.0, 1.0, 3.6, 7.0 ] },
                "down": { "texture": "#1", "uv": [ 2.0, 2.0, 3.6, 7.0 ] }
            }
        },
        {
            "name": "Blade1",
            "from": [ 7.9, 8.4, 8.3 ], 
            "to": [ 8.1, 14.4, 9.700000000000001 ], 
            "faces": {
                "north": { "texture": "#2", "uv": [ 0.0, 0.0, 3.2, 9.0 ] },
                "east": { "texture": "#2", "uv": [ 0.0, 0.0, 7.4, 13.0 ] },
                "south": { "texture": "#2", "uv": [ 0.0, 0.0, 4.2, 12.0 ] },
                "west": { "texture": "#2", "uv": [ 0.0, 0.0, 8.4, 12.0 ] },
                "up": { "texture": "#2", "uv": [ 0.0, 0.0, 4.2, 6.4 ] },
                "down": { "texture": "#2", "uv": [ 0.0, 0.0, 6.2, 10.4 ] }
            }
        },
        {
            "name": "Blade2",
            "from": [ 7.9, 14.4, 8.7 ], 
            "to": [ 8.1, 15.4, 9.7 ], 
            "faces": {
                "north": { "texture": "#2", "uv": [ 0.0, 0.0, 3.2, 9.0 ] },
                "east": { "texture": "#2", "uv": [ 0.0, 0.0, 7.4, 13.0 ] },
                "south": { "texture": "#2", "uv": [ 0.0, 0.0, 4.2, 12.0 ] },
                "west": { "texture": "#2", "uv": [ 0.0, 0.0, 8.4, 12.0 ] },
                "up": { "texture": "#2", "uv": [ 0.0, 0.0, 4.2, 6.4 ] },
                "down": { "texture": "#2", "uv": [ 0.0, 0.0, 6.2, 10.4 ] }
            }
        },
        {
            "name": "Blade3",
            "from": [ 7.9, 15.399999999999999, 9.1 ], 
            "to": [ 8.1, 16.299999999999997, 9.7 ], 
            "faces": {
                "north": { "texture": "#2", "uv": [ 0.0, 0.0, 3.2, 9.0 ] },
                "east": { "texture": "#2", "uv": [ 0.0, 0.0, 7.4, 13.0 ] },
                "south": { "texture": "#2", "uv": [ 0.0, 0.0, 4.2, 12.0 ] },
                "west": { "texture": "#2", "uv": [ 0.0, 0.0, 8.4, 12.0 ] },
                "up": { "texture": "#2", "uv": [ 0.0, 0.0, 4.2, 6.4 ] },
                "down": { "texture": "#2", "uv": [ 0.0, 0.0, 6.2, 10.4 ] }
            }
        },
        {
            "name": "Blade4",
            "from": [ 7.9, 14.0, 5.8 ], 
            "to": [ 8.1, 16.6, 6.2 ], 
            "rotation": { "origin": [ 8.0, 8.0, 8.0 ], "axis": "x", "angle": 22.5 },
            "faces": {
                "north": { "texture": "#2", "uv": [ 0.0, 0.0, 3.2, 9.0 ] },
                "east": { "texture": "#2", "uv": [ 0.0, 0.0, 7.4, 13.0 ] },
                "south": { "texture": "#2", "uv": [ 0.0, 0.0, 4.2, 12.0 ] },
                "west": { "texture": "#2", "uv": [ 0.0, 0.0, 8.4, 12.0 ] },
                "up": { "texture": "#2", "uv": [ 0.0, 0.0, 4.2, 6.4 ] },
                "down": { "texture": "#2", "uv": [ 0.0, 0.0, 6.2, 10.4 ] }
            }
        },
        {
            "name": "Blade5",
            "from": [ 7.9, 16.2, 9.3 ], 
            "to": [ 8.1, 16.8, 9.700000000000001 ], 
            "faces": {
                "north": { "texture": "#2", "uv": [ 0.0, 0.0, 3.2, 9.0 ] },
                "east": { "texture": "#2", "uv": [ 0.0, 0.0, 7.4, 13.0 ] },
                "south": { "texture": "#2", "uv": [ 0.0, 0.0, 4.2, 12.0 ] },
                "west": { "texture": "#2", "uv": [ 0.0, 0.0, 8.4, 12.0 ] },
                "up": { "texture": "#2", "uv": [ 0.0, 0.0, 4.2, 6.4 ] },
                "down": { "texture": "#2", "uv": [ 0.0, 0.0, 6.2, 10.4 ] }
            }
        }
    ]
}