{
    "__comment": "Model generated using MrCrayfish's Model Creator (http://mrcrayfish.com/modelcreator/)",
    "textures": {
        "0": "blocks/mob_spawner",
        "1": "blocks/glass_lime",
        "2": "blocks/anvil_top_damaged_0"
    },
    "elements": [
        {
            "name": "Knuckle1",
            "from": [ 7.9, 4.2, 8.0 ], 
            "to": [ 10.700000000000001, 8.399999999999999, 11.0 ], 
            "faces": {
                "north": { "texture": "#0", "uv": [ 4.0, 1.0, 12.2, 14.8 ] },
                "east": { "texture": "#0", "uv": [ 0.0, 0.0, 7.0, 13.8 ] },
                "south": { "texture": "#0", "uv": [ 1.0, 2.0, 8.2, 15.8 ] },
                "west": { "texture": "#0", "uv": [ 0.0, 0.0, 9.0, 12.8 ] },
                "up": { "texture": "#0", "uv": [ 0.0, 0.0, 6.199999999999999, 6.0 ] },
                "down": { "texture": "#0", "uv": [ 2.0, 0.0, 7.199999999999999, 7.0 ] }
            }
        },
        {
            "name": "Knuckle2",
            "from": [ 10.0, 5.0, 9.0 ], 
            "to": [ 10.8, 7.0, 12.0 ], 
            "faces": {
                "north": { "texture": "#1", "uv": [ 0.0, 6.0, 16.0, 9.8 ] },
                "east": { "texture": "#1", "uv": [ 3.0, 3.0, 16.0, 8.8 ] },
                "south": { "texture": "#1", "uv": [ 0.0, 6.0, 16.0, 12.8 ] },
                "west": { "texture": "#1", "uv": [ 0.0, 6.0, 15.0, 12.8 ] },
                "up": { "texture": "#1", "uv": [ 0.0, 0.0, 5.0, 6.0 ] },
                "down": { "texture": "#1", "uv": [ 0.0, 0.0, 4.0, 7.0 ] }
            }
        },
        {
            "name": "Knuckle3",
            "from": [ 9.8, 5.5, 10.0 ], 
            "to": [ 10.4, 6.5, 13.0 ], 
            "rotation": { "origin": [ 8.0, 8.0, 8.0 ], "axis": "y", "angle": 22.5 },
            "faces": {
                "north": { "texture": "#1", "uv": [ 4.0, 2.0, 9.0, 5.6 ] },
                "east": { "texture": "#1", "uv": [ 5.0, 5.0, 11.0, 8.6 ] },
                "south": { "texture": "#1", "uv": [ 4.0, 4.0, 8.0, 5.6 ] },
                "west": { "texture": "#1", "uv": [ 6.0, 7.0, 13.0, 10.6 ] },
                "up": { "texture": "#1", "uv": [ 4.0, 4.0, 9.0, 12.0 ] },
                "down": { "texture": "#1", "uv": [ 8.0, 5.0, 12.0, 12.0 ] }
            }
        },
        {
            "name": "Finger1",
            "from": [ 8.5, 5.4, 7.5 ], 
            "to": [ 10.5, 6.2, 8.1 ], 
            "faces": {
                "north": { "texture": "#1", "uv": [ 5.0, 2.0, 8.8, 13.0 ] },
                "east": { "texture": "#1", "uv": [ 7.0, 2.0, 11.6, 13.0 ] },
                "south": { "texture": "#1", "uv": [ 4.0, 2.0, 7.8, 13.0 ] },
                "west": { "texture": "#1", "uv": [ 8.0, 1.0, 11.6, 11.0 ] },
                "up": { "texture": "#2", "uv": [ 7.0, 2.0, 11.8, 6.6 ] },
                "down": { "texture": "#2", "uv": [ 4.0, 2.0, 6.8, 5.6 ] }
            }
        },
        {
            "name": "Finger2",
            "from": [ 8.5, 4.4, 7.699999999999999 ], 
            "to": [ 10.5, 5.2, 8.1 ], 
            "faces": {
                "north": { "texture": "#1", "uv": [ 5.0, 1.0, 8.8, 10.0 ] },
                "east": { "texture": "#1", "uv": [ 4.0, 0.0, 7.4, 7.0 ] },
                "south": { "texture": "#1", "uv": [ 5.0, 1.0, 8.8, 11.0 ] },
                "west": { "texture": "#1", "uv": [ 4.0, 1.0, 8.4, 10.0 ] },
                "up": { "texture": "#2", "uv": [ 4.0, 2.0, 7.8, 5.4 ] },
                "down": { "texture": "#2", "uv": [ 5.0, 3.0, 8.8, 7.4 ] }
            }
        },
        {
            "name": "Finger3",
            "from": [ 8.5, 6.4, 7.3 ], 
            "to": [ 10.5, 7.2, 8.1 ], 
            "faces": {
                "north": { "texture": "#1", "uv": [ 4.0, 1.0, 7.8, 9.0 ] },
                "east": { "texture": "#1", "uv": [ 4.0, 0.0, 5.8, 8.0 ] },
                "south": { "texture": "#1", "uv": [ 4.0, 1.0, 7.8, 9.0 ] },
                "west": { "texture": "#1", "uv": [ 5.0, 2.0, 7.8, 10.0 ] },
                "up": { "texture": "#2", "uv": [ 5.0, 1.0, 10.8, 7.8 ] },
                "down": { "texture": "#2", "uv": [ 5.0, 1.0, 8.8, 5.8 ] }
            }
        },
        {
            "name": "Finger4",
            "from": [ 8.5, 7.4, 7.3 ], 
            "to": [ 10.5, 8.200000000000001, 8.1 ], 
            "faces": {
                "north": { "texture": "#1", "uv": [ 3.0, 1.0, 7.8, 10.0 ] },
                "east": { "texture": "#1", "uv": [ 4.0, 3.0, 7.8, 13.0 ] },
                "south": { "texture": "#1", "uv": [ 4.0, 0.0, 8.8, 11.0 ] },
                "west": { "texture": "#1", "uv": [ 5.0, 1.0, 7.8, 12.0 ] },
                "up": { "texture": "#2", "uv": [ 9.0, 2.0, 10.8, 9.8 ] },
                "down": { "texture": "#2", "uv": [ 7.0, 3.0, 9.8, 11.8 ] }
            }
        }
    ]
}