{
    "__comment": "Model generated using MrCrayfish's Model Creator (http://mrcrayfish.com/modelcreator/)",
    "textures": {
        "0": "blocks/furnace_side",
        "1": "blocks/anvil_base",
        "2": "blocks/lava_still"
    },
    "display": {
        "thirdperson_righthand": {
        "rotation": [ 0, 0, 0 ],
        "translation": [ 0, 0, 0 ],
        "scale": [ 1.1, 1.1, 1.1 ]
        },
        "thirdperson_lefthand": {
        "rotation": [ 0, 0, 0 ],
        "translation": [ 0, 0, 0 ],
        "scale": [ 1.1, 1.1, 1.1 ]
        },
        "ground": {
        "rotation": [ 0, 0, 0 ],
        "translation": [ 0, 0, 0 ],
        "scale": [ 1.1, 1.1, 1.1 ]
        },
        "fixed": {
        "rotation": [ 0, 0, 0 ],
        "translation": [ 0, 0, 0 ],
        "scale": [ 1.1, 1.1, 1.1 ]
        },
        "firstperson_righthand": {
        "rotation": [ 0, 0, 0 ],
        "translation": [ 0, 0, 0 ],
        "scale": [ 1.1, 1.1, 1.1 ]
        },
        "firstperson_lefthand": {
        "rotation": [ 0, 0, 0 ],
        "translation": [ -1.89, 0, 0 ],
        "scale": [ 1.3, 1.3, 1.3 ]
        },
        "gui": {
        "rotation": [ 0, 90, 0 ],
        "translation": [ 0, -4, 0 ],
        "scale": [ 0.7, 0.7, 0.7 ]
        }
        },
    "elements": [
        {
            "name": "Handle",
            "from": [ 7.7, 3.0, 8.0 ], 
            "to": [ 8.3, 8.0, 8.6 ], 
            "faces": {
                "north": { "texture": "#0", "uv": [ 3.0, 2.0, 9.6, 11.6 ] },
                "east": { "texture": "#0", "uv": [ 3.0, 2.0, 6.0, 14.6 ] },
                "south": { "texture": "#0", "uv": [ 4.0, 1.0, 7.6, 12.6 ] },
                "west": { "texture": "#0", "uv": [ 4.0, 1.0, 8.0, 12.6 ] },
                "up": { "texture": "#0", "uv": [ 5.0, 0.0, 9.6, 12.0 ] },
                "down": { "texture": "#0", "uv": [ 4.0, 4.0, 8.6, 16.0 ] }
            }
        },
        {
            "name": "Pomel",
            "from": [ 7.5, 2.0, 7.7 ], 
            "to": [ 8.5, 3.1999999999999993, 8.9 ], 
            "faces": {
                "north": { "texture": "#1", "uv": [ 0.0, 0.0, 5.2, 5.2 ] },
                "east": { "texture": "#1", "uv": [ 3.0, 2.0, 8.0, 7.2 ] },
                "south": { "texture": "#1", "uv": [ 5.0, 4.0, 10.2, 9.2 ] },
                "west": { "texture": "#1", "uv": [ 1.0, 8.0, 7.0, 13.2 ] },
                "up": { "texture": "#1", "uv": [ 7.0, 3.0, 12.2, 9.0 ] },
                "down": { "texture": "#1", "uv": [ 0.0, 0.0, 6.2, 6.0 ] }
            }
        },
        {
            "name": "Guard",
            "from": [ 7.5, 8.0, 6.8 ], 
            "to": [ 8.5, 9.0, 9.8 ], 
            "faces": {
                "north": { "texture": "#1", "uv": [ 0.0, 0.0, 13.0, 12.0 ] },
                "east": { "texture": "#1", "uv": [ 1.0, 0.0, 8.0, 15.0 ] },
                "south": { "texture": "#1", "uv": [ 7.0, 0.0, 15.0, 15.0 ] },
                "west": { "texture": "#1", "uv": [ 7.0, 2.0, 15.0, 15.0 ] },
                "up": { "texture": "#1", "uv": [ 5.0, 1.0, 13.0, 15.0 ] },
                "down": { "texture": "#1", "uv": [ 0.0, 0.0, 9.0, 12.0 ] }
            }
        },
        {
            "name": "Blade1",
            "from": [ 7.9, 8.0, 7.3 ], 
            "to": [ 8.1, 19.0, 9.3 ], 
            "faces": {
                "north": { "texture": "#1", "uv": [ 0.0, 0.0, 13.0, 12.0 ] },
                "east": { "texture": "#1", "uv": [ 1.0, 0.0, 8.0, 15.0 ] },
                "south": { "texture": "#1", "uv": [ 7.0, 0.0, 15.0, 15.0 ] },
                "west": { "texture": "#1", "uv": [ 7.0, 2.0, 15.0, 15.0 ] },
                "up": { "texture": "#1", "uv": [ 5.0, 1.0, 13.0, 15.0 ] },
                "down": { "texture": "#1", "uv": [ 0.0, 0.0, 9.0, 12.0 ] }
            }
        },
        {
            "name": "Blade2",
            "from": [ 7.9, 19.0, 7.6 ], 
            "to": [ 8.1, 21.0, 9.0 ], 
            "faces": {
                "north": { "texture": "#1", "uv": [ 0.0, 0.0, 13.0, 12.0 ] },
                "east": { "texture": "#1", "uv": [ 1.0, 0.0, 8.0, 15.0 ] },
                "south": { "texture": "#1", "uv": [ 7.0, 0.0, 15.0, 15.0 ] },
                "west": { "texture": "#1", "uv": [ 7.0, 2.0, 15.0, 15.0 ] },
                "up": { "texture": "#1", "uv": [ 5.0, 1.0, 13.0, 15.0 ] },
                "down": { "texture": "#1", "uv": [ 0.0, 0.0, 9.0, 12.0 ] }
            }
        },
        {
            "name": "Lava1",
            "from": [ 7.9, 9.0, 9.5 ], 
            "to": [ 8.1, 20.0, 9.7 ], 
            "faces": {
                "north": { "texture": "#2", "uv": [ 0.0, 0.0, 5.0, 15.0 ] },
                "east": { "texture": "#2", "uv": [ 1.0, 0.0, 6.0, 15.0 ] },
                "south": { "texture": "#2", "uv": [ 7.0, 0.0, 11.0, 16.0 ] },
                "west": { "texture": "#2", "uv": [ 7.0, 2.0, 11.0, 16.0 ] },
                "up": { "texture": "#2", "uv": [ 5.0, 1.0, 10.0, 8.0 ] },
                "down": { "texture": "#2", "uv": [ 0.0, 0.0, 10.0, 9.0 ] }
            }
        },
        {
            "name": "Lava2",
            "from": [ 7.9, 9.0, 6.9 ], 
            "to": [ 8.1, 20.0, 7.1000000000000005 ], 
            "faces": {
                "north": { "texture": "#2", "uv": [ 0.0, 0.0, 5.0, 15.0 ] },
                "east": { "texture": "#2", "uv": [ 1.0, 0.0, 6.0, 15.0 ] },
                "south": { "texture": "#2", "uv": [ 7.0, 0.0, 11.0, 16.0 ] },
                "west": { "texture": "#2", "uv": [ 7.0, 2.0, 11.0, 16.0 ] },
                "up": { "texture": "#2", "uv": [ 5.0, 1.0, 10.0, 8.0 ] },
                "down": { "texture": "#2", "uv": [ 0.0, 0.0, 10.0, 9.0 ] }
            }
        },
        {
            "name": "Lava3",
            "from": [ 7.9, 18.6, 2.4 ], 
            "to": [ 8.1, 22.1, 2.6 ], 
            "rotation": { "origin": [ 8.0, 8.0, 8.0 ], "axis": "x", "angle": 22.5 },
            "faces": {
                "north": { "texture": "#2", "uv": [ 0.0, 0.0, 5.0, 15.0 ] },
                "east": { "texture": "#2", "uv": [ 1.0, 0.0, 6.0, 15.0 ] },
                "south": { "texture": "#2", "uv": [ 7.0, 0.0, 11.0, 16.0 ] },
                "west": { "texture": "#2", "uv": [ 7.0, 2.0, 11.0, 16.0 ] },
                "up": { "texture": "#2", "uv": [ 5.0, 1.0, 10.0, 8.0 ] },
                "down": { "texture": "#2", "uv": [ 0.0, 0.0, 10.0, 9.0 ] }
            }
        },
        {
            "name": "Lava4",
            "from": [ 7.9, 18.4, 14.0 ], 
            "to": [ 8.1, 21.9, 14.2 ], 
            "rotation": { "origin": [ 8.0, 8.0, 8.0 ], "axis": "x", "angle": -22.5 },
            "faces": {
                "north": { "texture": "#2", "uv": [ 0.0, 0.0, 5.0, 15.0 ] },
                "east": { "texture": "#2", "uv": [ 1.0, 0.0, 6.0, 15.0 ] },
                "south": { "texture": "#2", "uv": [ 7.0, 0.0, 11.0, 16.0 ] },
                "west": { "texture": "#2", "uv": [ 7.0, 2.0, 11.0, 16.0 ] },
                "up": { "texture": "#2", "uv": [ 5.0, 1.0, 10.0, 8.0 ] },
                "down": { "texture": "#2", "uv": [ 0.0, 0.0, 10.0, 9.0 ] }
            }
        },
        {
            "name": "Blade3",
            "from": [ 7.9, 21.0, 7.9 ], 
            "to": [ 8.1, 21.8, 8.700000000000001 ], 
            "faces": {
                "north": { "texture": "#1", "uv": [ 0.0, 0.0, 13.0, 12.0 ] },
                "east": { "texture": "#1", "uv": [ 1.0, 0.0, 8.0, 15.0 ] },
                "south": { "texture": "#1", "uv": [ 7.0, 0.0, 15.0, 15.0 ] },
                "west": { "texture": "#1", "uv": [ 7.0, 2.0, 15.0, 15.0 ] },
                "up": { "texture": "#1", "uv": [ 5.0, 1.0, 13.0, 15.0 ] },
                "down": { "texture": "#1", "uv": [ 0.0, 0.0, 9.0, 12.0 ] }
            }
        }
    ]
}