{
    "__comment": "Model generated using MrCrayfish's Model Creator (http://mrcrayfish.com/modelcreator/)",
    "textures": {
        "0": "items/ender_eye",
        "1": "blocks/farmland_wet",
        "2": "blocks/bone_block_side"
    },
	"display": {
		"thirdperson_righthand": {
		"rotation": [ 0, 0, 0 ],
		"translation": [ 0, 0, 0 ],
		"scale": [ 3, 3, 3 ]
		},
		"thirdperson_lefthand": {
		"rotation": [ 0, 0, 0 ],
		"translation": [ 0, 0, 0 ],
		"scale": [ 3, 3, 3 ]
		},
		"ground": {
		"rotation": [ 0, 0, 0 ],
		"translation": [ 0, 0, 0 ],
		"scale": [ 3, 3, 3 ]
		},
		"fixed": {
		"rotation": [ 0, 0, 0 ],
		"translation": [ 0, 0, 0 ],
		"scale": [ 3, 3, 3 ]
		},
		"firstperson_righthand": {
		"rotation": [ 0, 0, 0 ],
		"translation": [ 0, 0, 0 ],
		"scale": [ 3, 3, 3 ]
		},
		"firstperson_lefthand": {
		"rotation": [ 0, 0, 0 ],
		"translation": [ -1.89, 0, 0 ],
		"scale": [ 3, 3, 3 ]
		},
		"gui": {
		"rotation": [ 0, 0, 0 ],
		"translation": [ 0, -2, 0 ],
		"scale": [ 3, 3, 3 ]
		}
		},
    "elements": [
        {
            "name": "Eye",
            "from": [ 7.0, 6.0, 7.0 ], 
            "to": [ 9.0, 7.0, 9.0 ], 
            "faces": {
                "north": { "texture": "#0", "uv": [ 8.0, 4.0, 10.0, 5.0 ] },
                "east": { "texture": "#0", "uv": [ 9.0, 4.0, 11.0, 5.0 ] },
                "south": { "texture": "#0", "uv": [ 8.0, 11.0, 10.0, 12.0 ] },
                "west": { "texture": "#0", "uv": [ 5.0, 4.0, 7.0, 5.0 ] },
                "up": { "texture": "#0", "uv": [ 5.0, 4.0, 12.0, 12.0 ] },
                "down": { "texture": "#0", "uv": [ 6.0, 6.0, 8.0, 8.0 ] }
            }
        },
        {
            "name": "MainBody",
            "from": [ 6.0, 1.0, 6.0 ], 
            "to": [ 10.0, 6.5999999940395355, 10.0 ], 
            "faces": {
                "north": { "texture": "#1", "uv": [ 2.0, 2.0, 6.0, 7.5999999940395355 ] },
                "east": { "texture": "#1", "uv": [ 4.0, 4.0, 8.0, 9.599999994039536 ] },
                "south": { "texture": "#1", "uv": [ 6.0, 5.0, 10.0, 10.599999994039536 ] },
                "west": { "texture": "#1", "uv": [ 2.0, 3.0, 6.0, 8.599999994039536 ] },
                "up": { "texture": "#1", "uv": [ 4.0, 4.0, 8.0, 8.0 ] },
                "down": { "texture": "#1", "uv": [ 0.0, 0.0, 4.0, 4.0 ] }
            }
        },
        {
            "name": "Teeth1",
            "from": [ 6.100000001490116, 6.0, 6.100000001490116 ], 
            "to": [ 6.899999998509884, 7.0, 6.899999998509884 ], 
            "faces": {
                "north": { "texture": "#2", "uv": [ 0.0, 0.0, 0.7999999970197678, 1.0 ] },
                "east": { "texture": "#2", "uv": [ 0.0, 0.0, 0.7999999970197678, 1.0 ] },
                "south": { "texture": "#2", "uv": [ 0.0, 0.0, 0.7999999970197678, 1.0 ] },
                "west": { "texture": "#2", "uv": [ 0.0, 0.0, 0.7999999970197678, 1.0 ] },
                "up": { "texture": "#2", "uv": [ 0.0, 0.0, 0.7999999970197678, 0.7999999970197678 ] },
                "down": { "texture": "#2", "uv": [ 0.0, 0.0, 0.7999999970197678, 0.7999999970197678 ] }
            }
        },
        {
            "name": "Tail",
            "from": [ 4.399999991059303, -3.0, 6.5999999940395355 ], 
            "to": [ 6.399999991059303, 2.5999999940395355, 9.599999994039536 ], 
            "rotation": { "origin": [ 8.0, 8.0, 8.0 ], "axis": "z", "angle": 22.5 },
            "faces": {
                "north": { "texture": "#1", "uv": [ 2.0, 2.0, 4.0, 7.5999999940395355 ] },
                "east": { "texture": "#1", "uv": [ 4.0, 4.0, 7.0, 9.599999994039536 ] },
                "south": { "texture": "#1", "uv": [ 6.0, 5.0, 8.0, 10.599999994039536 ] },
                "west": { "texture": "#1", "uv": [ 2.0, 3.0, 5.0, 8.599999994039536 ] },
                "up": { "texture": "#1", "uv": [ 4.0, 4.0, 6.0, 7.0 ] },
                "down": { "texture": "#1", "uv": [ 0.0, 0.0, 2.0, 3.0 ] }
            }
        },
        {
            "name": "Tail2",
            "from": [ 1.0000000447034836, -6.699999995529652, 7.100000001490116 ], 
            "to": [ 2.0000000447034836, -1.1000000014901161, 9.100000001490116 ], 
            "rotation": { "origin": [ 8.0, 8.0, 8.0 ], "axis": "z", "angle": 45.0 },
            "faces": {
                "north": { "texture": "#1", "uv": [ 2.0, 2.0, 3.0, 7.5999999940395355 ] },
                "east": { "texture": "#1", "uv": [ 4.0, 4.0, 6.0, 9.599999994039536 ] },
                "south": { "texture": "#1", "uv": [ 6.0, 5.0, 7.0, 10.599999994039536 ] },
                "west": { "texture": "#1", "uv": [ 2.0, 3.0, 4.0, 8.599999994039536 ] },
                "up": { "texture": "#1", "uv": [ 4.0, 4.0, 5.0, 6.0 ] },
                "down": { "texture": "#1", "uv": [ 0.0, 0.0, 1.0, 2.0 ] }
            }
        },
        {
            "name": "Teeth2",
            "from": [ 9.100000001490116, 6.0, 6.100000001490116 ], 
            "to": [ 9.899999998509884, 7.0, 6.899999998509884 ], 
            "faces": {
                "north": { "texture": "#2", "uv": [ 0.0, 0.0, 0.7999999970197678, 1.0 ] },
                "east": { "texture": "#2", "uv": [ 0.0, 0.0, 0.7999999970197678, 1.0 ] },
                "south": { "texture": "#2", "uv": [ 0.0, 0.0, 0.7999999970197678, 1.0 ] },
                "west": { "texture": "#2", "uv": [ 0.0, 0.0, 0.7999999970197678, 1.0 ] },
                "up": { "texture": "#2", "uv": [ 0.0, 0.0, 0.7999999970197678, 0.7999999970197678 ] },
                "down": { "texture": "#2", "uv": [ 0.0, 0.0, 0.7999999970197678, 0.7999999970197678 ] }
            }
        },
        {
            "name": "Teeth3",
            "from": [ 9.100000001490116, 6.0, 9.100000001490116 ], 
            "to": [ 9.899999998509884, 7.0, 9.899999998509884 ], 
            "faces": {
                "north": { "texture": "#2", "uv": [ 0.0, 0.0, 0.7999999970197678, 1.0 ] },
                "east": { "texture": "#2", "uv": [ 0.0, 0.0, 0.7999999970197678, 1.0 ] },
                "south": { "texture": "#2", "uv": [ 0.0, 0.0, 0.7999999970197678, 1.0 ] },
                "west": { "texture": "#2", "uv": [ 0.0, 0.0, 0.7999999970197678, 1.0 ] },
                "up": { "texture": "#2", "uv": [ 0.0, 0.0, 0.7999999970197678, 0.7999999970197678 ] },
                "down": { "texture": "#2", "uv": [ 0.0, 0.0, 0.7999999970197678, 0.7999999970197678 ] }
            }
        },
        {
            "name": "Teeth4",
            "from": [ 6.100000001490116, 6.0, 9.100000001490116 ], 
            "to": [ 6.899999998509884, 7.0, 9.899999998509884 ], 
            "faces": {
                "north": { "texture": "#2", "uv": [ 0.0, 0.0, 0.7999999970197678, 1.0 ] },
                "east": { "texture": "#2", "uv": [ 0.0, 0.0, 0.7999999970197678, 1.0 ] },
                "south": { "texture": "#2", "uv": [ 0.0, 0.0, 0.7999999970197678, 1.0 ] },
                "west": { "texture": "#2", "uv": [ 0.0, 0.0, 0.7999999970197678, 1.0 ] },
                "up": { "texture": "#2", "uv": [ 0.0, 0.0, 0.7999999970197678, 0.7999999970197678 ] },
                "down": { "texture": "#2", "uv": [ 0.0, 0.0, 0.7999999970197678, 0.7999999970197678 ] }
            }
        },
        {
            "name": "Tooth1",
            "from": [ 6.4000000059604645, 6.0, 8.50000000745058 ], 
            "to": [ 6.799999997019768, 7.0, 8.899999998509884 ], 
            "rotation": { "origin": [ 8.0, 8.0, 8.0 ], "axis": "x", "angle": -22.5 },
            "faces": {
                "north": { "texture": "#2", "uv": [ 0.0, 0.0, 0.3999999910593033, 1.0 ] },
                "east": { "texture": "#2", "uv": [ 0.0, 0.0, 0.3999999910593033, 1.0 ] },
                "south": { "texture": "#2", "uv": [ 0.0, 0.0, 0.3999999910593033, 1.0 ] },
                "west": { "texture": "#2", "uv": [ 0.0, 0.0, 0.3999999910593033, 1.0 ] },
                "up": { "texture": "#2", "uv": [ 0.0, 0.0, 0.3999999910593033, 0.3999999910593033 ] },
                "down": { "texture": "#2", "uv": [ 0.0, 0.0, 0.3999999910593033, 0.3999999910593033 ] }
            }
        },
        {
            "name": "Tooth2",
            "from": [ 9.200000002980232, 6.0, 8.50000000745058 ], 
            "to": [ 9.599999994039536, 7.0, 8.899999998509884 ], 
            "rotation": { "origin": [ 8.0, 8.0, 8.0 ], "axis": "x", "angle": -22.5 },
            "faces": {
                "north": { "texture": "#2", "uv": [ 0.0, 0.0, 0.3999999910593033, 1.0 ] },
                "east": { "texture": "#2", "uv": [ 0.0, 0.0, 0.3999999910593033, 1.0 ] },
                "south": { "texture": "#2", "uv": [ 0.0, 0.0, 0.3999999910593033, 1.0 ] },
                "west": { "texture": "#2", "uv": [ 0.0, 0.0, 0.3999999910593033, 1.0 ] },
                "up": { "texture": "#2", "uv": [ 0.0, 0.0, 0.3999999910593033, 0.3999999910593033 ] },
                "down": { "texture": "#2", "uv": [ 0.0, 0.0, 0.3999999910593033, 0.3999999910593033 ] }
            }
        },
        {
            "name": "Tooth3",
            "from": [ 9.200000002980232, 6.0, 7.199999988079071 ], 
            "to": [ 9.599999994039536, 7.0, 7.599999979138374 ], 
            "rotation": { "origin": [ 8.0, 8.0, 8.0 ], "axis": "x", "angle": 22.5 },
            "faces": {
                "north": { "texture": "#2", "uv": [ 0.0, 0.0, 0.3999999910593033, 1.0 ] },
                "east": { "texture": "#2", "uv": [ 0.0, 0.0, 0.3999999910593033, 1.0 ] },
                "south": { "texture": "#2", "uv": [ 0.0, 0.0, 0.3999999910593033, 1.0 ] },
                "west": { "texture": "#2", "uv": [ 0.0, 0.0, 0.3999999910593033, 1.0 ] },
                "up": { "texture": "#2", "uv": [ 0.0, 0.0, 0.3999999910593033, 0.3999999910593033 ] },
                "down": { "texture": "#2", "uv": [ 0.0, 0.0, 0.3999999910593033, 0.3999999910593033 ] }
            }
        },
        {
            "name": "Tooth4",
            "from": [ 6.4000000059604645, 6.0, 7.199999988079071 ], 
            "to": [ 6.799999997019768, 7.0, 7.599999979138374 ], 
            "rotation": { "origin": [ 8.0, 8.0, 8.0 ], "axis": "x", "angle": 22.5 },
            "faces": {
                "north": { "texture": "#2", "uv": [ 0.0, 0.0, 0.3999999910593033, 1.0 ] },
                "east": { "texture": "#2", "uv": [ 0.0, 0.0, 0.3999999910593033, 1.0 ] },
                "south": { "texture": "#2", "uv": [ 0.0, 0.0, 0.3999999910593033, 1.0 ] },
                "west": { "texture": "#2", "uv": [ 0.0, 0.0, 0.3999999910593033, 1.0 ] },
                "up": { "texture": "#2", "uv": [ 0.0, 0.0, 0.3999999910593033, 0.3999999910593033 ] },
                "down": { "texture": "#2", "uv": [ 0.0, 0.0, 0.3999999910593033, 0.3999999910593033 ] }
            }
        }
    ]
}