{
    "__comment": "Model generated using MrCrayfish's Model Creator (http://mrcrayfish.com/modelcreator/)",
    "textures": {
        "0": "blocks/bone_block_side",
        "1": "blocks/farmland_wet"
    },
	"display": {
		"thirdperson_righthand": {
		"rotation": [ 0, 0, 0 ],
		"translation": [ 0, 0, 0 ],
		"scale": [ 1.5, 1.4, 1.5 ]
		},
		"thirdperson_lefthand": {
		"rotation": [ 0, 0, 0 ],
		"translation": [ 0, 0, 0 ],
		"scale": [ 1, 2.0, 1 ]
		},
		"ground": {
		"rotation": [ 0, 0, 0 ],
		"translation": [ 0, 0, 0 ],
		"scale": [ 1.5, 1.5, 1.5 ]
		},
		"fixed": {
		"rotation": [ 0, 0, 0 ],
		"translation": [ 0, 0, 0 ],
		"scale": [ 1, 1, 1 ]
		},
		"firstperson_righthand": {
		"rotation": [ 0, 0, 0 ],
		"translation": [ 0, 0.5, 0 ],
		"scale": [ 1, 1, 1 ]
		},
		"firstperson_lefthand": {
		"rotation": [ 0, 0, 0 ],
		"translation": [ -1.89, 0, 0 ],
		"scale": [ 1, 2, 1 ]
		},
		"gui": {
		"rotation": [ 0, 90, 0 ],
		"translation": [ 0, -2, 0 ],
		"scale": [ 1, 0.9, 1 ]
		}
		},
    "elements": [
        {
            "name": "Handle1",
            "from": [ 7.7, 5.200000025331974, 8.0 ], 
            "to": [ 8.3, 9.5, 8.6 ], 
            "faces": {
                "north": { "texture": "#0", "uv": [ 0.0, 0.0, 8.6, 16.0 ] },
                "east": { "texture": "#0", "uv": [ 8.0, 0.0, 14.6, 16.0 ] },
                "south": { "texture": "#0", "uv": [ 6.0, 0.0, 13.6, 16.0 ] },
                "west": { "texture": "#0", "uv": [ 2.0, 0.0, 8.6, 16.0 ] },
                "up": { "texture": "#0", "uv": [ 0.0, 0.0, 5.6, 8.6 ] },
                "down": { "texture": "#0", "uv": [ 0.0, 0.0, 7.6, 6.6 ] }
            }
        },
        {
            "name": "Guard1",
            "from": [ 7.5, 8.899999991059303, 7.699999998509884 ], 
            "to": [ 8.5, 10.099999991059303, 8.900000001490117 ], 
            "faces": {
                "north": { "texture": "#1", "uv": [ 5.0, 5.0, 8.0, 9.2 ] },
                "east": { "texture": "#1", "uv": [ 4.0, 4.0, 6.0, 7.2 ] },
                "south": { "texture": "#1", "uv": [ 4.0, 2.0, 7.0, 4.2 ] },
                "west": { "texture": "#1", "uv": [ 6.0, 5.0, 10.0, 7.2 ] },
                "up": { "texture": "#1", "uv": [ 4.0, 3.0, 8.0, 6.0 ] },
                "down": { "texture": "#1", "uv": [ 4.0, 5.0, 8.0, 8.0 ] }
            }
        },
        {
            "name": "Guard2",
            "from": [ 7.599999998509884, 8.399999983608723, 7.800000014901161 ], 
            "to": [ 8.400000001490117, 8.599999983608722, 8.800000014901162 ], 
            "faces": {
                "north": { "texture": "#1", "uv": [ 5.0, 4.0, 8.6, 6.2 ] },
                "east": { "texture": "#1", "uv": [ 3.0, 4.0, 7.0, 7.2 ] },
                "south": { "texture": "#1", "uv": [ 4.0, 4.0, 6.6, 7.2 ] },
                "west": { "texture": "#1", "uv": [ 4.0, 4.0, 9.0, 6.2 ] },
                "up": { "texture": "#1", "uv": [ 4.0, 8.0, 9.6, 12.0 ] },
                "down": { "texture": "#1", "uv": [ 5.0, 3.0, 7.6, 5.0 ] }
            }
        },
        {
            "name": "Guard3",
            "from": [ 7.599999998509883, 4.5, 7.800000000000001 ], 
            "to": [ 8.400000001490117, 5.500000011920928, 8.8 ], 
            "faces": {
                "north": { "texture": "#1", "uv": [ 2.0, 4.0, 4.6, 6.199999999999999 ] },
                "east": { "texture": "#1", "uv": [ 2.0, 4.0, 4.0, 6.199999999999999 ] },
                "south": { "texture": "#1", "uv": [ 5.0, 5.0, 8.6, 8.2 ] },
                "west": { "texture": "#1", "uv": [ 3.0, 6.0, 6.0, 8.2 ] },
                "up": { "texture": "#1", "uv": [ 2.0, 3.0, 5.6, 6.0 ] },
                "down": { "texture": "#1", "uv": [ 5.0, 4.0, 7.6, 8.0 ] }
            }
        },
        {
            "name": "Blade1",
            "from": [ 7.9, 9.5, 7.800000000000001 ], 
            "to": [ 8.1, 10.7, 8.8 ], 
            "faces": {
                "north": { "texture": "#0", "uv": [ 0.0, 0.0, 3.2, 7.2 ] },
                "east": { "texture": "#0", "uv": [ 0.0, 0.0, 6.0, 8.2 ] },
                "south": { "texture": "#0", "uv": [ 0.0, 0.0, 4.2, 9.2 ] },
                "west": { "texture": "#0", "uv": [ 0.0, 0.0, 4.0, 5.2 ] },
                "up": { "texture": "#0", "uv": [ 8.0, 0.0, 15.2, 7.0 ] },
                "down": { "texture": "#0", "uv": [ 5.0, 4.0, 10.2, 10.0 ] }
            }
        },
        {
            "name": "Blade2",
            "from": [ 7.9, 10.7, 7.800000000000001 ], 
            "to": [ 8.1, 11.899999999999999, 8.8 ], 
            "faces": {
                "north": { "texture": "#0", "uv": [ 5.0, 3.0, 9.2, 10.2 ] },
                "east": { "texture": "#0", "uv": [ 0.0, 5.0, 7.0, 12.2 ] },
                "south": { "texture": "#0", "uv": [ 6.0, 3.0, 11.2, 11.2 ] },
                "west": { "texture": "#0", "uv": [ 4.0, 2.0, 8.0, 7.2 ] },
                "up": { "texture": "#0", "uv": [ 5.0, 2.0, 8.2, 8.0 ] },
                "down": { "texture": "#0", "uv": [ 5.0, 7.0, 9.2, 12.0 ] }
            }
        },
        {
            "name": "Blade3",
            "from": [ 7.9, 11.9, 7.800000000000001 ], 
            "to": [ 8.1, 13.1, 8.8 ], 
            "faces": {
                "north": { "texture": "#0", "uv": [ 4.0, 4.0, 9.2, 9.2 ] },
                "east": { "texture": "#0", "uv": [ 3.0, 1.0, 9.0, 8.2 ] },
                "south": { "texture": "#0", "uv": [ 2.0, 4.0, 8.2, 11.2 ] },
                "west": { "texture": "#0", "uv": [ 6.0, 4.0, 12.0, 12.2 ] },
                "up": { "texture": "#0", "uv": [ 4.0, 4.0, 10.2, 11.0 ] },
                "down": { "texture": "#0", "uv": [ 5.0, 0.0, 11.2, 9.0 ] }
            }
        },
        {
            "name": "Blade4",
            "from": [ 7.9, 13.1, 7.9 ], 
            "to": [ 8.1, 13.299999999999999, 8.700000000000001 ], 
            "faces": {
                "north": { "texture": "#0", "uv": [ 0.0, 0.0, 3.2, 3.2 ] },
                "east": { "texture": "#0", "uv": [ 4.0, 2.0, 12.8, 7.199999999999999 ] },
                "south": { "texture": "#0", "uv": [ 7.0, 6.0, 13.2, 10.2 ] },
                "west": { "texture": "#0", "uv": [ 2.0, 4.0, 9.8, 8.2 ] },
                "up": { "texture": "#0", "uv": [ 4.0, 1.0, 11.2, 6.8 ] },
                "down": { "texture": "#0", "uv": [ 3.0, 3.0, 10.2, 7.8 ] }
            }
        },
        {
            "name": "Blade5",
            "from": [ 7.9, 13.2, 8.0 ], 
            "to": [ 8.1, 14.2, 8.6 ], 
            "faces": {
                "north": { "texture": "#0", "uv": [ 3.0, 3.0, 8.2, 9.0 ] },
                "east": { "texture": "#0", "uv": [ 4.0, 1.0, 7.6, 8.0 ] },
                "south": { "texture": "#0", "uv": [ 3.0, 3.0, 8.2, 12.0 ] },
                "west": { "texture": "#0", "uv": [ 6.0, 4.0, 10.6, 12.0 ] },
                "up": { "texture": "#0", "uv": [ 2.0, 1.0, 6.2, 8.6 ] },
                "down": { "texture": "#0", "uv": [ 5.0, 4.0, 10.2, 12.6 ] }
            }
        },
        {
            "name": "Blade6",
            "from": [ 7.9, 13.39999998807907, 8.1 ], 
            "to": [ 8.1, 14.59999998807907, 8.5 ], 
            "faces": {
                "north": { "texture": "#0", "uv": [ 4.0, 1.0, 8.2, 9.2 ] },
                "east": { "texture": "#0", "uv": [ 7.0, 3.0, 11.4, 11.2 ] },
                "south": { "texture": "#0", "uv": [ 4.0, 5.0, 9.2, 12.2 ] },
                "west": { "texture": "#0", "uv": [ 6.0, 3.0, 11.4, 11.2 ] },
                "up": { "texture": "#0", "uv": [ 7.0, 4.0, 11.2, 10.4 ] },
                "down": { "texture": "#0", "uv": [ 5.0, 5.0, 11.2, 13.4 ] }
            }
        }
    ]
}