{
    "__comment": "Model generated using MrCrayfish's Model Creator (http://mrcrayfish.com/modelcreator/)",
    "textures": {
        "0": "blocks/planks_big_oak",
        "1": "blocks/glass_blue",
        "2": "blocks/hardened_clay_stained_yellow",
        "3": "blocks/hardened_clay_stained_light_blue"
    },
    "elements": [
        {
            "name": "Handle",
            "from": [ 7.7, 0.0, 7.7 ], 
            "to": [ 8.3, 9.0, 8.3 ], 
            "faces": {
                "north": { "texture": "#0", "uv": [ 10.0, 1.0, 14.6, 16.0 ] },
                "east": { "texture": "#0", "uv": [ 3.0, 1.0, 7.6, 15.0 ] },
                "south": { "texture": "#0", "uv": [ 4.0, 0.0, 9.6, 14.0 ] },
                "west": { "texture": "#0", "uv": [ 0.0, 0.0, 3.6, 15.0 ] },
                "up": { "texture": "#0", "uv": [ 0.0, 0.0, 2.6, 2.6 ] },
                "down": { "texture": "#0", "uv": [ 7.0, 2.0, 10.6, 5.6 ] }
            }
        },
        {
            "name": "Pommel1",
            "from": [ 7.6, -0.5, 7.6 ], 
            "to": [ 8.4, 0.30000000000000004, 8.4 ], 
            "faces": {
                "north": { "texture": "#1", "uv": [ 0.0, 0.0, 6.8, 5.8 ] },
                "east": { "texture": "#1", "uv": [ 0.0, 0.0, 6.8, 5.8 ] },
                "south": { "texture": "#1", "uv": [ 2.0, 4.0, 9.8, 10.8 ] },
                "west": { "texture": "#1", "uv": [ 10.0, 9.0, 15.8, 14.8 ] },
                "up": { "texture": "#1", "uv": [ 6.0, 1.0, 12.8, 9.8 ] },
                "down": { "texture": "#1", "uv": [ 2.0, 3.0, 8.8, 9.8 ] }
            }
        },
        {
            "name": "Pomel2",
            "from": [ 7.7, -0.5, 5.0 ], 
            "to": [ 8.3, 0.30000000000000004, 5.6 ], 
            "rotation": { "origin": [ 8.0, 8.0, 8.0 ], "axis": "x", "angle": -22.5 },
            "faces": {
                "north": { "texture": "#2", "uv": [ 0.0, 0.0, 7.6, 6.8 ] },
                "east": { "texture": "#2", "uv": [ 0.0, 0.0, 7.6, 6.8 ] },
                "south": { "texture": "#2", "uv": [ 8.0, 5.0, 14.6, 11.8 ] },
                "west": { "texture": "#2", "uv": [ 4.0, 8.0, 11.6, 15.8 ] },
                "up": { "texture": "#2", "uv": [ 6.0, 2.0, 13.6, 10.6 ] },
                "down": { "texture": "#2", "uv": [ 6.0, 3.0, 13.6, 12.6 ] }
            }
        },
        {
            "name": "Pommel3",
            "from": [ 7.7, -0.5, 10.4 ], 
            "to": [ 8.3, 0.30000000000000004, 11.0 ], 
            "rotation": { "origin": [ 8.0, 8.0, 8.0 ], "axis": "x", "angle": 22.5 },
            "faces": {
                "north": { "texture": "#2", "uv": [ 0.0, 0.0, 8.6, 8.8 ] },
                "east": { "texture": "#2", "uv": [ 3.0, 3.0, 11.6, 11.8 ] },
                "south": { "texture": "#2", "uv": [ 2.0, 6.0, 10.6, 13.8 ] },
                "west": { "texture": "#2", "uv": [ 4.0, 2.0, 12.6, 9.8 ] },
                "up": { "texture": "#2", "uv": [ 5.0, 2.0, 12.6, 10.6 ] },
                "down": { "texture": "#2", "uv": [ 6.0, 2.0, 15.6, 12.6 ] }
            }
        },
        {
            "name": "Guard1",
            "from": [ 7.5, 9.0, 6.5 ], 
            "to": [ 8.5, 10.2, 9.5 ], 
            "faces": {
                "north": { "texture": "#2", "uv": [ 0.0, 0.0, 5.0, 5.2 ] },
                "east": { "texture": "#2", "uv": [ 0.0, 0.0, 13.0, 6.2 ] },
                "south": { "texture": "#2", "uv": [ 0.0, 0.0, 10.0, 7.2 ] },
                "west": { "texture": "#2", "uv": [ 0.0, 0.0, 12.0, 7.2 ] },
                "up": { "texture": "#2", "uv": [ 0.0, 0.0, 5.0, 9.0 ] },
                "down": { "texture": "#2", "uv": [ 0.0, 0.0, 5.0, 10.0 ] }
            }
        },
        {
            "name": "Guard2",
            "from": [ 7.6, 8.5, 3.2 ], 
            "to": [ 8.4, 9.3, 6.2 ], 
            "rotation": { "origin": [ 8.0, 8.0, 8.0 ], "axis": "x", "angle": 22.5 },
            "faces": {
                "north": { "texture": "#2", "uv": [ 0.0, 0.0, 4.8, 3.8 ] },
                "east": { "texture": "#2", "uv": [ 0.0, 0.0, 11.0, 4.8 ] },
                "south": { "texture": "#2", "uv": [ 0.0, 0.0, 3.8, 3.8 ] },
                "west": { "texture": "#2", "uv": [ 3.0, 5.0, 12.0, 9.8 ] },
                "up": { "texture": "#2", "uv": [ 0.0, 0.0, 4.8, 8.0 ] },
                "down": { "texture": "#2", "uv": [ 0.0, 0.0, 6.8, 10.0 ] }
            }
        },
        {
            "name": "Guard3",
            "from": [ 7.6, 8.5, 9.7 ], 
            "to": [ 8.4, 9.3, 12.7 ], 
            "rotation": { "origin": [ 8.0, 8.0, 8.0 ], "axis": "x", "angle": -22.5 },
            "faces": {
                "north": { "texture": "#2", "uv": [ 0.0, 0.0, 4.8, 4.8 ] },
                "east": { "texture": "#2", "uv": [ 4.0, 5.0, 14.0, 10.8 ] },
                "south": { "texture": "#2", "uv": [ 0.0, 0.0, 3.8, 4.8 ] },
                "west": { "texture": "#2", "uv": [ 4.0, 6.0, 13.0, 12.8 ] },
                "up": { "texture": "#2", "uv": [ 0.0, 0.0, 4.8, 10.0 ] },
                "down": { "texture": "#2", "uv": [ 0.0, 0.0, 4.8, 11.0 ] }
            }
        },
        {
            "name": "Blade1",
            "from": [ 7.9, 9.3, 6.5 ], 
            "to": [ 8.1, 16.1, 9.5 ], 
            "faces": {
                "north": { "texture": "#3", "uv": [ 0.0, 0.0, 6.2, 12.8 ] },
                "east": { "texture": "#3", "uv": [ 6.0, 1.0, 13.0, 14.8 ] },
                "south": { "texture": "#3", "uv": [ 0.0, 0.0, 7.2, 12.8 ] },
                "west": { "texture": "#3", "uv": [ 6.0, 0.0, 15.0, 15.8 ] },
                "up": { "texture": "#3", "uv": [ 0.0, 0.0, 2.2, 6.0 ] },
                "down": { "texture": "#3", "uv": [ 0.0, 0.0, 3.2, 7.0 ] }
            }
        },
        {
            "name": "Blade2",
            "from": [ 7.9, 16.0, 7.0 ], 
            "to": [ 8.1, 22.2, 9.0 ], 
            "faces": {
                "north": { "texture": "#3", "uv": [ 0.0, 0.0, 4.2, 9.2 ] },
                "east": { "texture": "#3", "uv": [ 0.0, 0.0, 2.0, 6.2 ] },
                "south": { "texture": "#3", "uv": [ 0.0, 0.0, 4.2, 9.2 ] },
                "west": { "texture": "#3", "uv": [ 6.0, 3.0, 14.0, 15.2 ] },
                "up": { "texture": "#3", "uv": [ 7.0, 2.0, 13.2, 11.0 ] },
                "down": { "texture": "#3", "uv": [ 4.0, 2.0, 8.2, 10.0 ] }
            }
        },
        {
            "name": "Blade3",
            "from": [ 7.9, 22.0, 6.5 ], 
            "to": [ 8.1, 27.2, 9.5 ], 
            "faces": {
                "north": { "texture": "#3", "uv": [ 0.0, 0.0, 2.2, 9.2 ] },
                "east": { "texture": "#3", "uv": [ 7.0, 2.0, 14.0, 14.2 ] },
                "south": { "texture": "#3", "uv": [ 0.0, 0.0, 4.2, 11.2 ] },
                "west": { "texture": "#3", "uv": [ 2.0, 0.0, 9.0, 14.2 ] },
                "up": { "texture": "#3", "uv": [ 4.0, 1.0, 8.2, 10.0 ] },
                "down": { "texture": "#3", "uv": [ 6.0, 0.0, 11.2, 9.0 ] }
            }
        },
        {
            "name": "Blade4",
            "from": [ 7.9, 27.0, 6.8 ], 
            "to": [ 8.1, 30.0, 9.2 ], 
            "faces": {
                "north": { "texture": "#3", "uv": [ 0.0, 0.0, 1.2, 9.0 ] },
                "east": { "texture": "#3", "uv": [ 4.0, 0.0, 10.4, 11.0 ] },
                "south": { "texture": "#3", "uv": [ 0.0, 0.0, 1.2, 5.0 ] },
                "west": { "texture": "#3", "uv": [ 5.0, 0.0, 12.4, 13.0 ] },
                "up": { "texture": "#3", "uv": [ 0.0, 0.0, 2.1999999999999993, 11.4 ] },
                "down": { "texture": "#3", "uv": [ 0.0, 0.0, 3.2, 10.4 ] }
            }
        },
        {
            "name": "Blade5",
            "from": [ 7.9, 30.0, 7.1 ], 
            "to": [ 8.1, 32.0, 8.9 ], 
            "faces": {
                "north": { "texture": "#3", "uv": [ 0.0, 0.0, 1.2, 8.0 ] },
                "east": { "texture": "#3", "uv": [ 4.0, 1.0, 8.8, 8.0 ] },
                "south": { "texture": "#3", "uv": [ 0.0, 0.0, 1.2, 6.0 ] },
                "west": { "texture": "#3", "uv": [ 7.0, 6.0, 11.8, 14.0 ] },
                "up": { "texture": "#3", "uv": [ 0.0, 0.0, 3.2, 8.8 ] },
                "down": { "texture": "#3", "uv": [ 0.0, 0.0, 3.2, 8.8 ] }
            }
        },
        {
            "name": "Blade6",
            "from": [ 7.9, 32.0, 7.5 ], 
            "to": [ 8.1, 34.0, 8.5 ], 
            "faces": {
                "north": { "texture": "#3", "uv": [ 0.0, 0.0, 2.2, 5.0 ] },
                "east": { "texture": "#3", "uv": [ 0.0, 0.0, 5.0, 7.0 ] },
                "south": { "texture": "#3", "uv": [ 0.0, 0.0, 1.2, 8.0 ] },
                "west": { "texture": "#3", "uv": [ 5.0, 2.0, 9.0, 9.0 ] },
                "up": { "texture": "#3", "uv": [ 0.0, 0.0, 2.2, 8.0 ] },
                "down": { "texture": "#3", "uv": [ 0.0, 0.0, 2.2, 9.0 ] }
            }
        },
        {
            "name": "Guard Gem",
            "from": [ 7.0, 9.2, 7.6 ], 
            "to": [ 9.0, 10.0, 8.4 ], 
            "faces": {
                "north": { "texture": "#1", "uv": [ 0.0, 0.0, 5.0, 5.2 ] },
                "east": { "texture": "#1", "uv": [ 0.0, 0.0, 13.0, 6.2 ] },
                "south": { "texture": "#1", "uv": [ 0.0, 0.0, 10.0, 7.2 ] },
                "west": { "texture": "#1", "uv": [ 0.0, 0.0, 12.0, 7.2 ] },
                "up": { "texture": "#1", "uv": [ 0.0, 0.0, 5.0, 9.0 ] },
                "down": { "texture": "#1", "uv": [ 0.0, 0.0, 5.0, 10.0 ] }
            }
        }
    ]
}