{
    "__comment": "Model generated using MrCrayfish's Model Creator (http://mrcrayfish.com/modelcreator/)",
    "textures": {
        "0": "blocks/structure_block_load",
        "1": "blocks/bone_block_top"
    },
    "display": {
        "head": {
        "rotation": [ 0, 0, 0 ],
        "translation": [ 0, -4, 0 ],
        "scale": [ 4, 4, 4 ]
        }
        },
    "elements": [
        {
            "name": "Head",
            "from": [ 5.5999999940395355, 5.0, 6.0 ], 
            "to": [ 10.200000047683716, 9.600000008940697, 10.600000008940697 ], 
            "faces": {
                "north": { "texture": "#0", "uv": [ 5.0, 5.3000000000000025, 10.90000005364418, 10.8000000089407 ] },
                "east": { "texture": "#0", "uv": [ 3.0, 3.0, 5.600000008940697, 5.600000008940697 ] },
                "south": { "texture": "#0", "uv": [ 7.0, 2.0, 10.60000005364418, 4.600000008940697 ] },
                "west": { "texture": "#0", "uv": [ 3.0, 10.0, 6.600000008940697, 13.600000008940697 ] },
                "up": { "texture": "#0", "uv": [ 10.0, 4.0, 11.60000005364418, 13.600000008940697 ] },
                "down": { "texture": "#0", "uv": [ 6.0, 10.0, 10.60000005364418, 15.600000008940697 ] }
            }
        },
        {
            "name": "Eye1",
            "from": [ 8.400000035762787, 7.600000038743019, 5.899999998509884 ], 
            "to": [ 9.000000029802322, 7.999999985098839, 6.999999955296516 ], 
            "faces": {
                "north": { "texture": "#1", "uv": [ 5.0, 5.3000000000000025, 10.90000005364418, 10.8000000089407 ] },
                "east": { "texture": "#0", "uv": [ 3.0, 3.0, 5.600000008940697, 5.600000008940697 ] },
                "south": { "texture": "#0", "uv": [ 7.0, 2.0, 10.60000005364418, 4.600000008940697 ] },
                "west": { "texture": "#0", "uv": [ 3.0, 10.0, 6.600000008940697, 13.600000008940697 ] },
                "up": { "texture": "#0", "uv": [ 10.0, 4.0, 11.60000005364418, 13.600000008940697 ] },
                "down": { "texture": "#0", "uv": [ 6.0, 10.0, 10.60000005364418, 15.600000008940697 ] }
            }
        },
        {
            "name": "Eye2",
            "from": [ 6.800000011920929, 7.600000038743019, 5.899999998509884 ], 
            "to": [ 7.4000000059604645, 7.999999985098839, 6.999999955296516 ], 
            "faces": {
                "north": { "texture": "#1", "uv": [ 5.0, 5.3000000000000025, 10.90000005364418, 10.8000000089407 ] },
                "east": { "texture": "#0", "uv": [ 3.0, 3.0, 5.600000008940697, 5.600000008940697 ] },
                "south": { "texture": "#0", "uv": [ 7.0, 2.0, 10.60000005364418, 4.600000008940697 ] },
                "west": { "texture": "#0", "uv": [ 3.0, 10.0, 6.600000008940697, 13.600000008940697 ] },
                "up": { "texture": "#0", "uv": [ 10.0, 4.0, 11.60000005364418, 13.600000008940697 ] },
                "down": { "texture": "#0", "uv": [ 6.0, 10.0, 10.60000005364418, 15.600000008940697 ] }
            }
        }
    ]
}