{
    "__comment": "Model generated using MrCrayfish's Model Creator (http://mrcrayfish.com/modelcreator/)",
    "textures": {
        "0": "blocks/structure_block_load",
        "1": "blocks/bone_block_top",
        "2": "blocks/glass_purple"
    },
    "display": {
        "head": {
        "rotation": [ 0, 0, 0 ],
        "translation": [ 0, -4, 0 ],
        "scale": [ 4, 4, 4 ]
        }
        },
    "elements": [
        {
            "name": "Head",
            "from": [ 5.5999999940395355, 5.0, 6.0 ], 
            "to": [ 10.200000047683716, 9.600000008940697, 10.600000008940697 ], 
            "faces": {
                "north": { "texture": "#0", "uv": [ 5.0, 5.3000000000000025, 10.90000005364418, 10.8000000089407 ] },
                "east": { "texture": "#0", "uv": [ 3.0, 3.0, 5.600000008940697, 5.600000008940697 ] },
                "south": { "texture": "#0", "uv": [ 7.0, 2.0, 10.60000005364418, 4.600000008940697 ] },
                "west": { "texture": "#0", "uv": [ 3.0, 10.0, 6.600000008940697, 13.600000008940697 ] },
                "up": { "texture": "#0", "uv": [ 10.0, 4.0, 11.60000005364418, 13.600000008940697 ] },
                "down": { "texture": "#0", "uv": [ 6.0, 10.0, 10.60000005364418, 15.600000008940697 ] }
            }
        },
        {
            "name": "Eye1",
            "from": [ 8.400000035762787, 7.600000038743019, 5.899999998509884 ], 
            "to": [ 9.000000029802322, 7.999999985098839, 6.999999955296516 ], 
            "faces": {
                "north": { "texture": "#1", "uv": [ 5.0, 5.3000000000000025, 10.90000005364418, 10.8000000089407 ] },
                "east": { "texture": "#0", "uv": [ 3.0, 3.0, 5.600000008940697, 5.600000008940697 ] },
                "south": { "texture": "#0", "uv": [ 7.0, 2.0, 10.60000005364418, 4.600000008940697 ] },
                "west": { "texture": "#0", "uv": [ 3.0, 10.0, 6.600000008940697, 13.600000008940697 ] },
                "up": { "texture": "#0", "uv": [ 10.0, 4.0, 11.60000005364418, 13.600000008940697 ] },
                "down": { "texture": "#0", "uv": [ 6.0, 10.0, 10.60000005364418, 15.600000008940697 ] }
            }
        },
        {
            "name": "Eye2",
            "from": [ 6.800000011920929, 7.600000038743019, 5.899999998509884 ], 
            "to": [ 7.4000000059604645, 7.999999985098839, 6.999999955296516 ], 
            "faces": {
                "north": { "texture": "#1", "uv": [ 5.0, 5.3000000000000025, 10.90000005364418, 10.8000000089407 ] },
                "east": { "texture": "#0", "uv": [ 3.0, 3.0, 5.600000008940697, 5.600000008940697 ] },
                "south": { "texture": "#0", "uv": [ 7.0, 2.0, 10.60000005364418, 4.600000008940697 ] },
                "west": { "texture": "#0", "uv": [ 3.0, 10.0, 6.600000008940697, 13.600000008940697 ] },
                "up": { "texture": "#0", "uv": [ 10.0, 4.0, 11.60000005364418, 13.600000008940697 ] },
                "down": { "texture": "#0", "uv": [ 6.0, 10.0, 10.60000005364418, 15.600000008940697 ] }
            }
        },
        {
            "name": "Hand1",
            "from": [ 12.599999994039536, 5.0, 2.0 ], 
            "to": [ 14.600000038743019, 5.600000008940697, 4.700000010430813 ], 
            "rotation": { "origin": [ 8.0, 8.0, 8.0 ], "axis": "x", "angle": 22.5 },
            "faces": {
                "north": { "texture": "#2", "uv": [ 5.0, 5.3000000000000025, 10.90000005364418, 10.8000000089407 ] },
                "east": { "texture": "#2", "uv": [ 3.0, 3.0, 5.600000008940697, 5.600000008940697 ] },
                "south": { "texture": "#2", "uv": [ 7.0, 2.0, 10.60000005364418, 4.600000008940697 ] },
                "west": { "texture": "#2", "uv": [ 3.0, 10.0, 6.600000008940697, 13.600000008940697 ] },
                "up": { "texture": "#2", "uv": [ 10.0, 4.0, 11.60000005364418, 13.600000008940697 ] },
                "down": { "texture": "#2", "uv": [ 6.0, 10.0, 10.60000005364418, 15.600000008940697 ] }
            }
        },
        {
            "name": "Hand2'",
            "from": [ 1.2999999895691872, 5.0, 2.0 ], 
            "to": [ 3.3000000342726707, 5.600000008940697, 4.700000010430813 ], 
            "rotation": { "origin": [ 8.0, 8.0, 8.0 ], "axis": "x", "angle": 22.5 },
            "faces": {
                "north": { "texture": "#2", "uv": [ 5.0, 5.3000000000000025, 10.90000005364418, 10.8000000089407 ] },
                "east": { "texture": "#2", "uv": [ 3.0, 3.0, 5.600000008940697, 5.600000008940697 ] },
                "south": { "texture": "#2", "uv": [ 7.0, 2.0, 10.60000005364418, 4.600000008940697 ] },
                "west": { "texture": "#2", "uv": [ 3.0, 10.0, 6.600000008940697, 13.600000008940697 ] },
                "up": { "texture": "#2", "uv": [ 10.0, 4.0, 11.60000005364418, 13.600000008940697 ] },
                "down": { "texture": "#2", "uv": [ 6.0, 10.0, 10.60000005364418, 15.600000008940697 ] }
            }
        },
        {
            "name": "Finger1",
            "from": [ 14.299999989569187, 7.600000008940697, 0.0 ], 
            "to": [ 14.800000011920929, 8.200000017881393, 2.4000000059604645 ], 
            "faces": {
                "north": { "texture": "#2", "uv": [ 5.0, 5.3000000000000025, 10.90000005364418, 10.8000000089407 ] },
                "east": { "texture": "#2", "uv": [ 3.0, 3.0, 5.600000008940697, 5.600000008940697 ] },
                "south": { "texture": "#2", "uv": [ 7.0, 2.0, 10.60000005364418, 4.600000008940697 ] },
                "west": { "texture": "#2", "uv": [ 3.0, 10.0, 6.600000008940697, 13.600000008940697 ] },
                "up": { "texture": "#2", "uv": [ 10.0, 4.0, 11.60000005364418, 13.600000008940697 ] },
                "down": { "texture": "#2", "uv": [ 6.0, 10.0, 10.60000005364418, 15.600000008940697 ] }
            }
        },
        {
            "name": "Finger2",
            "from": [ 12.599999994039536, 7.600000008940697, 0.0 ], 
            "to": [ 13.100000016391277, 8.200000017881393, 2.4000000059604645 ], 
            "faces": {
                "north": { "texture": "#2", "uv": [ 5.0, 5.3000000000000025, 10.90000005364418, 10.8000000089407 ] },
                "east": { "texture": "#2", "uv": [ 3.0, 3.0, 5.600000008940697, 5.600000008940697 ] },
                "south": { "texture": "#2", "uv": [ 7.0, 2.0, 10.60000005364418, 4.600000008940697 ] },
                "west": { "texture": "#2", "uv": [ 3.0, 10.0, 6.600000008940697, 13.600000008940697 ] },
                "up": { "texture": "#2", "uv": [ 10.0, 4.0, 11.60000005364418, 13.600000008940697 ] },
                "down": { "texture": "#2", "uv": [ 6.0, 10.0, 10.60000005364418, 15.600000008940697 ] }
            }
        },
        {
            "name": "Finger3",
            "from": [ 2.7999999970197678, 7.600000008940697, 0.0 ], 
            "to": [ 3.3000000193715096, 8.200000017881393, 2.4000000059604645 ], 
            "faces": {
                "north": { "texture": "#2", "uv": [ 5.0, 5.3000000000000025, 10.90000005364418, 10.8000000089407 ] },
                "east": { "texture": "#2", "uv": [ 3.0, 3.0, 5.600000008940697, 5.600000008940697 ] },
                "south": { "texture": "#2", "uv": [ 7.0, 2.0, 10.60000005364418, 4.600000008940697 ] },
                "west": { "texture": "#2", "uv": [ 3.0, 10.0, 6.600000008940697, 13.600000008940697 ] },
                "up": { "texture": "#2", "uv": [ 10.0, 4.0, 11.60000005364418, 13.600000008940697 ] },
                "down": { "texture": "#2", "uv": [ 6.0, 10.0, 10.60000005364418, 15.600000008940697 ] }
            }
        },
        {
            "name": "Finger4",
            "from": [ 1.399999961256981, 7.600000008940697, 0.0 ], 
            "to": [ 1.8999999836087227, 8.200000017881393, 2.4000000059604645 ], 
            "faces": {
                "north": { "texture": "#2", "uv": [ 5.0, 5.3000000000000025, 10.90000005364418, 10.8000000089407 ] },
                "east": { "texture": "#2", "uv": [ 3.0, 3.0, 5.600000008940697, 5.600000008940697 ] },
                "south": { "texture": "#2", "uv": [ 7.0, 2.0, 10.60000005364418, 4.600000008940697 ] },
                "west": { "texture": "#2", "uv": [ 3.0, 10.0, 6.600000008940697, 13.600000008940697 ] },
                "up": { "texture": "#2", "uv": [ 10.0, 4.0, 11.60000005364418, 13.600000008940697 ] },
                "down": { "texture": "#2", "uv": [ 6.0, 10.0, 10.60000005364418, 15.600000008940697 ] }
            }
        },
        {
            "name": "Thumb1",
            "from": [ 13.899999968707561, 7.0, 3.0 ], 
            "to": [ 14.399999991059303, 7.600000008940697, 5.4000000059604645 ], 
            "rotation": { "origin": [ 8.0, 8.0, 8.0 ], "axis": "y", "angle": 22.5 },
            "faces": {
                "north": { "texture": "#2", "uv": [ 5.0, 5.3000000000000025, 10.90000005364418, 10.8000000089407 ] },
                "east": { "texture": "#2", "uv": [ 3.0, 3.0, 5.600000008940697, 5.600000008940697 ] },
                "south": { "texture": "#2", "uv": [ 7.0, 2.0, 10.60000005364418, 4.600000008940697 ] },
                "west": { "texture": "#2", "uv": [ 3.0, 10.0, 6.600000008940697, 13.600000008940697 ] },
                "up": { "texture": "#2", "uv": [ 10.0, 4.0, 11.60000005364418, 13.600000008940697 ] },
                "down": { "texture": "#2", "uv": [ 6.0, 10.0, 10.60000005364418, 15.600000008940697 ] }
            }
        },
        {
            "name": "Thumb2",
            "from": [ 1.2999999597668648, 7.0, 2.4999999925494194 ], 
            "to": [ 1.7999999821186066, 7.600000008940697, 4.899999998509884 ], 
            "rotation": { "origin": [ 8.0, 8.0, 8.0 ], "axis": "y", "angle": -22.5 },
            "faces": {
                "north": { "texture": "#2", "uv": [ 5.0, 5.3000000000000025, 10.90000005364418, 10.8000000089407 ] },
                "east": { "texture": "#2", "uv": [ 3.0, 3.0, 5.600000008940697, 5.600000008940697 ] },
                "south": { "texture": "#2", "uv": [ 7.0, 2.0, 10.60000005364418, 4.600000008940697 ] },
                "west": { "texture": "#2", "uv": [ 3.0, 10.0, 6.600000008940697, 13.600000008940697 ] },
                "up": { "texture": "#2", "uv": [ 10.0, 4.0, 11.60000005364418, 13.600000008940697 ] },
                "down": { "texture": "#2", "uv": [ 6.0, 10.0, 10.60000005364418, 15.600000008940697 ] }
            }
        }
    ]
}