{
    "__comment": "Model generated using MrCrayfish's Model Creator (http://mrcrayfish.com/modelcreator/)",
    "textures": {
        "0": "blocks/anvil_base",
        "1": "blocks/clay"
    },
    "elements": [
        {
            "name": "Handle",
            "from": [ 7.500000007450581, 0.0, 8.0 ], 
            "to": [ 8.50000000745058, 13.0, 9.0 ], 
            "faces": {
                "north": { "texture": "#0", "uv": [ 0.0, 0.0, 1.0, 13.0 ] },
                "east": { "texture": "#0", "uv": [ 0.0, 0.0, 1.0, 13.0 ] },
                "south": { "texture": "#0", "uv": [ 0.0, 0.0, 1.0, 13.0 ] },
                "west": { "texture": "#0", "uv": [ 0.0, 0.0, 1.0, 13.0 ] },
                "up": { "texture": "#-1", "uv": [ 0.0, 0.0, 1.0, 1.0 ] },
                "down": { "texture": "#0", "uv": [ 0.0, 0.0, 1.0, 1.0 ] }
            }
        },
        {
            "name": "Head",
            "from": [ 5.500000007450581, 13.0, 6.0 ], 
            "to": [ 10.50000000745058, 18.0, 11.0 ], 
            "faces": {
                "north": { "texture": "#0", "uv": [ 0.0, 0.0, 5.0, 5.0 ] },
                "east": { "texture": "#0", "uv": [ 0.0, 0.0, 5.0, 5.0 ] },
                "south": { "texture": "#0", "uv": [ 0.0, 0.0, 5.0, 5.0 ] },
                "west": { "texture": "#0", "uv": [ 0.0, 0.0, 5.0, 5.0 ] },
                "up": { "texture": "#0", "uv": [ 0.0, 0.0, 5.0, 5.0 ] },
                "down": { "texture": "#0", "uv": [ 0.0, 0.0, 5.0, 5.0 ] }
            }
        },
        {
            "name": "TopHandle",
            "from": [ 7.300000004470348, 12.0, 7.799999997019768 ], 
            "to": [ 8.600000008940697, 13.0, 9.100000001490116 ], 
            "faces": {
                "north": { "texture": "#1", "uv": [ 0.0, 0.0, 1.3000000044703484, 1.0 ] },
                "east": { "texture": "#1", "uv": [ 0.0, 0.0, 1.3000000044703484, 1.0 ] },
                "south": { "texture": "#1", "uv": [ 0.0, 0.0, 1.3000000044703484, 1.0 ] },
                "west": { "texture": "#1", "uv": [ 0.0, 0.0, 1.3000000044703484, 1.0 ] },
                "up": { "texture": "#-1", "uv": [ 0.0, 0.0, 1.3000000044703484, 1.3000000044703484 ] },
                "down": { "texture": "#1", "uv": [ 0.0, 0.0, 1.3000000044703484, 1.3000000044703484 ] }
            }
        },
        {
            "name": "BottomHandle",
            "from": [ 7.300000004470348, -1.0, 7.799999997019768 ], 
            "to": [ 8.600000008940697, 0.0, 9.100000001490116 ], 
            "faces": {
                "north": { "texture": "#1", "uv": [ 0.0, 0.0, 1.3000000044703484, 1.0 ] },
                "east": { "texture": "#1", "uv": [ 0.0, 0.0, 1.3000000044703484, 1.0 ] },
                "south": { "texture": "#1", "uv": [ 0.0, 0.0, 1.3000000044703484, 1.0 ] },
                "west": { "texture": "#1", "uv": [ 0.0, 0.0, 1.3000000044703484, 1.0 ] },
                "up": { "texture": "#1", "uv": [ 0.0, 0.0, 1.3000000044703484, 1.3000000044703484 ] },
                "down": { "texture": "#1", "uv": [ 0.0, 0.0, 1.3000000044703484, 1.3000000044703484 ] }
            }
        },
        {
            "name": "Spike1",
            "from": [ 10.300000004470348, 13.0, 7.799999997019768 ], 
            "to": [ 11.600000008940697, 19.0, 9.100000001490116 ], 
            "faces": {
                "north": { "texture": "#1", "uv": [ 0.0, 0.0, 1.3000000044703484, 6.0 ] },
                "east": { "texture": "#1", "uv": [ 0.0, 0.0, 1.3000000044703484, 6.0 ] },
                "south": { "texture": "#1", "uv": [ 0.0, 0.0, 1.3000000044703484, 6.0 ] },
                "west": { "texture": "#1", "uv": [ 0.0, 0.0, 1.3000000044703484, 6.0 ] },
                "up": { "texture": "#1", "uv": [ 0.0, 0.0, 1.3000000044703484, 1.3000000044703484 ] },
                "down": { "texture": "#1", "uv": [ 0.0, 0.0, 1.3000000044703484, 1.3000000044703484 ] }
            }
        },
        {
            "name": "Spike2",
            "from": [ 4.300000004470348, 13.0, 7.799999997019768 ], 
            "to": [ 5.600000008940697, 19.0, 9.100000001490116 ], 
            "faces": {
                "north": { "texture": "#1", "uv": [ 0.0, 0.0, 1.3000000044703484, 6.0 ] },
                "east": { "texture": "#1", "uv": [ 0.0, 0.0, 1.3000000044703484, 6.0 ] },
                "south": { "texture": "#1", "uv": [ 0.0, 0.0, 1.3000000044703484, 6.0 ] },
                "west": { "texture": "#1", "uv": [ 0.0, 0.0, 1.3000000044703484, 6.0 ] },
                "up": { "texture": "#1", "uv": [ 0.0, 0.0, 1.3000000044703484, 1.3000000044703484 ] },
                "down": { "texture": "#1", "uv": [ 0.0, 0.0, 1.3000000044703484, 1.3000000044703484 ] }
            }
        },
        {
            "name": "Spike3",
            "from": [ 7.300000004470348, 13.0, 10.799999997019768 ], 
            "to": [ 8.600000008940697, 19.0, 12.100000001490116 ], 
            "faces": {
                "north": { "texture": "#1", "uv": [ 0.0, 0.0, 1.3000000044703484, 6.0 ] },
                "east": { "texture": "#1", "uv": [ 0.0, 0.0, 1.3000000044703484, 6.0 ] },
                "south": { "texture": "#1", "uv": [ 0.0, 0.0, 1.3000000044703484, 6.0 ] },
                "west": { "texture": "#1", "uv": [ 0.0, 0.0, 1.3000000044703484, 6.0 ] },
                "up": { "texture": "#1", "uv": [ 0.0, 0.0, 1.3000000044703484, 1.3000000044703484 ] },
                "down": { "texture": "#1", "uv": [ 0.0, 0.0, 1.3000000044703484, 1.3000000044703484 ] }
            }
        },
        {
            "name": "Spike4",
            "from": [ 7.300000004470348, 13.0, 4.799999997019768 ], 
            "to": [ 8.600000008940697, 19.0, 6.100000001490116 ], 
            "faces": {
                "north": { "texture": "#1", "uv": [ 0.0, 0.0, 1.3000000044703484, 6.0 ] },
                "east": { "texture": "#1", "uv": [ 0.0, 0.0, 1.3000000044703484, 6.0 ] },
                "south": { "texture": "#1", "uv": [ 0.0, 0.0, 1.3000000044703484, 6.0 ] },
                "west": { "texture": "#1", "uv": [ 0.0, 0.0, 1.3000000044703484, 6.0 ] },
                "up": { "texture": "#1", "uv": [ 0.0, 0.0, 1.3000000044703484, 1.3000000044703484 ] },
                "down": { "texture": "#1", "uv": [ 0.0, 0.0, 1.3000000044703484, 1.3000000044703484 ] }
            }
        },
        {
            "name": "TopLock",
            "from": [ 6.899999998509884, 18.0, 7.299999989569187 ], 
            "to": [ 9.200000002980232, 18.99999998509884, 9.599999994039536 ], 
            "faces": {
                "north": { "texture": "#1", "uv": [ 0.0, 0.0, 2.3000000044703484, 0.9999999850988388 ] },
                "east": { "texture": "#1", "uv": [ 0.0, 0.0, 2.3000000044703484, 0.9999999850988388 ] },
                "south": { "texture": "#1", "uv": [ 0.0, 0.0, 2.3000000044703484, 0.9999999850988388 ] },
                "west": { "texture": "#1", "uv": [ 0.0, 0.0, 2.3000000044703484, 0.9999999850988388 ] },
                "up": { "texture": "#1", "uv": [ 0.0, 0.0, 2.3000000044703484, 2.3000000044703484 ] },
                "down": { "texture": "#1", "uv": [ 0.0, 0.0, 2.3000000044703484, 2.3000000044703484 ] }
            }
        }
    ]
}