{
    "__comment": "Model generated using MrCrayfish's Model Creator (http://mrcrayfish.com/modelcreator/)",
    "textures": {
        "0": "blocks/log_jungle_top",
        "1": "blocks/anvil_base",
        "2": "blocks/glass_pane_top_magenta"
    },
    "elements": [
        {
            "name": "Handle",
            "from": [ 7.500000007450581, 0.0, 8.0 ], 
            "to": [ 8.50000000745058, 13.0, 9.0 ], 
            "faces": {
                "north": { "texture": "#0", "uv": [ 0.0, 0.0, 1.0, 13.0 ] },
                "east": { "texture": "#0", "uv": [ 0.0, 0.0, 1.0, 13.0 ] },
                "south": { "texture": "#0", "uv": [ 0.0, 0.0, 1.0, 13.0 ] },
                "west": { "texture": "#0", "uv": [ 0.0, 0.0, 1.0, 13.0 ] },
                "up": { "texture": "#-1", "uv": [ 0.0, 0.0, 1.0, 1.0 ] },
                "down": { "texture": "#0", "uv": [ 0.0, 0.0, 15.0, 1.0 ] }
            }
        },
        {
            "name": "Head",
            "from": [ 6.900000028312206, 13.0, 6.800000011920929 ], 
            "to": [ 8.900000028312206, 18.0, 10.199999988079071 ], 
            "faces": {
                "north": { "texture": "#1", "uv": [ 0.0, 0.0, 2.0, 5.0 ] },
                "east": { "texture": "#1", "uv": [ 0.0, 0.0, 3.399999976158142, 5.0 ] },
                "south": { "texture": "#1", "uv": [ 0.0, 0.0, 2.0, 5.0 ] },
                "west": { "texture": "#1", "uv": [ 0.0, 0.0, 3.399999976158142, 5.0 ] },
                "up": { "texture": "#1", "uv": [ 0.0, 0.0, 2.0, 3.399999976158142 ] },
                "down": { "texture": "#1", "uv": [ 0.0, 0.0, 2.0, 3.399999976158142 ] }
            }
        },
        {
            "name": "TopHandle",
            "from": [ 7.300000004470348, 12.0, 7.799999997019768 ], 
            "to": [ 8.600000008940697, 13.0, 9.100000001490116 ], 
            "faces": {
                "north": { "texture": "#2", "uv": [ 7.0, 4.0, 8.300000004470348, 5.0 ] },
                "east": { "texture": "#2", "uv": [ 7.0, 8.0, 8.300000004470348, 9.0 ] },
                "south": { "texture": "#2", "uv": [ 7.0, 5.0, 8.300000004470348, 6.0 ] },
                "west": { "texture": "#2", "uv": [ 7.0, 7.0, 8.300000004470348, 8.0 ] },
                "up": { "texture": "#2", "uv": [ 7.0, 7.0, 8.300000004470348, 8.300000004470348 ] },
                "down": { "texture": "#2", "uv": [ 7.0, 5.0, 8.300000004470348, 6.300000004470348 ] }
            }
        },
        {
            "name": "Spike3",
            "from": [ 7.800000011920929, 13.0, 13.799999997019768 ], 
            "to": [ 8.200000002980232, 19.0, 15.100000001490116 ], 
            "faces": {
                "north": { "texture": "#2", "uv": [ 7.0, 1.0, 7.399999991059303, 7.0 ] },
                "east": { "texture": "#2", "uv": [ 7.0, 3.0, 8.300000004470348, 9.0 ] },
                "south": { "texture": "#2", "uv": [ 7.0, 4.0, 7.399999991059303, 10.0 ] },
                "west": { "texture": "#2", "uv": [ 7.0, 4.0, 8.300000004470348, 10.0 ] },
                "up": { "texture": "#2", "uv": [ 7.0, 4.0, 7.399999991059303, 5.300000004470348 ] },
                "down": { "texture": "#2", "uv": [ 7.0, 7.0, 7.399999991059303, 8.300000004470348 ] }
            }
        },
        {
            "name": "Blade2",
            "from": [ 7.600000008940697, 13.0, 1.7999999970197678 ], 
            "to": [ 8.0, 19.0, 3.100000001490116 ], 
            "faces": {
                "north": { "texture": "#2", "uv": [ 7.0, 1.0, 7.399999991059303, 7.0 ] },
                "east": { "texture": "#2", "uv": [ 7.0, 3.0, 8.300000004470348, 9.0 ] },
                "south": { "texture": "#2", "uv": [ 7.0, 4.0, 7.399999991059303, 10.0 ] },
                "west": { "texture": "#2", "uv": [ 7.0, 4.0, 8.300000004470348, 10.0 ] },
                "up": { "texture": "#2", "uv": [ 7.0, 4.0, 7.399999991059303, 5.300000004470348 ] },
                "down": { "texture": "#2", "uv": [ 7.0, 7.0, 7.399999991059303, 8.300000004470348 ] }
            }
        },
        {
            "name": "Top Magic",
            "from": [ 7.500000007450581, 18.0, 8.100000001490116 ], 
            "to": [ 8.300000004470348, 21.0, 8.899999998509884 ], 
            "faces": {
                "north": { "texture": "#2", "uv": [ 7.0, 4.0, 7.799999997019768, 7.0 ] },
                "east": { "texture": "#2", "uv": [ 7.0, 8.0, 7.799999997019768, 11.0 ] },
                "south": { "texture": "#2", "uv": [ 7.0, 5.0, 7.799999997019768, 8.0 ] },
                "west": { "texture": "#2", "uv": [ 7.0, 7.0, 7.799999997019768, 10.0 ] },
                "up": { "texture": "#2", "uv": [ 7.0, 7.0, 7.799999997019768, 7.799999997019768 ] },
                "down": { "texture": "#2", "uv": [ 7.0, 5.0, 7.799999997019768, 5.799999997019768 ] }
            }
        },
        {
            "name": "Blade3",
            "from": [ 7.800000011920929, 10.799999982118607, 19.700000010430813 ], 
            "to": [ 8.200000002980232, 13.799999982118607, 20.80000001192093 ], 
            "rotation": { "origin": [ 8.0, 8.0, 8.0 ], "axis": "x", "angle": -45.0 },
            "faces": {
                "north": { "texture": "#2", "uv": [ 7.0, 4.0, 7.399999991059303, 7.0 ] },
                "east": { "texture": "#2", "uv": [ 7.0, 8.0, 8.100000001490116, 11.0 ] },
                "south": { "texture": "#2", "uv": [ 7.0, 5.0, 7.399999991059303, 8.0 ] },
                "west": { "texture": "#2", "uv": [ 7.0, 7.0, 8.100000001490116, 10.0 ] },
                "up": { "texture": "#2", "uv": [ 7.0, 7.0, 7.399999991059303, 8.100000001490116 ] },
                "down": { "texture": "#2", "uv": [ 7.0, 5.0, 7.399999991059303, 6.100000001490116 ] }
            }
        },
        {
            "name": "Blade4",
            "from": [ 7.800000011920929, 13.499999977648258, 8.50000000745058 ], 
            "to": [ 8.200000002980232, 16.499999977648258, 9.600000008940697 ], 
            "rotation": { "origin": [ 8.0, 8.0, 8.0 ], "axis": "x", "angle": 45.0 },
            "faces": {
                "north": { "texture": "#2", "uv": [ 7.0, 4.0, 7.399999991059303, 7.0 ] },
                "east": { "texture": "#2", "uv": [ 7.0, 8.0, 8.100000001490116, 11.0 ] },
                "south": { "texture": "#2", "uv": [ 7.0, 5.0, 7.399999991059303, 8.0 ] },
                "west": { "texture": "#2", "uv": [ 7.0, 7.0, 8.100000001490116, 10.0 ] },
                "up": { "texture": "#2", "uv": [ 7.0, 7.0, 7.399999991059303, 8.100000001490116 ] },
                "down": { "texture": "#2", "uv": [ 7.0, 5.0, 7.399999991059303, 6.100000001490116 ] }
            }
        },
        {
            "name": "Blade5",
            "from": [ 7.600000008940697, 11.39999994635582, -4.199999988079071 ], 
            "to": [ 8.0, 14.39999994635582, -3.099999986588955 ], 
            "rotation": { "origin": [ 8.0, 8.0, 8.0 ], "axis": "x", "angle": 45.0 },
            "faces": {
                "north": { "texture": "#2", "uv": [ 7.0, 4.0, 7.399999991059303, 7.0 ] },
                "east": { "texture": "#2", "uv": [ 7.0, 8.0, 8.100000001490116, 11.0 ] },
                "south": { "texture": "#2", "uv": [ 7.0, 5.0, 7.399999991059303, 8.0 ] },
                "west": { "texture": "#2", "uv": [ 7.0, 7.0, 8.100000001490116, 10.0 ] },
                "up": { "texture": "#2", "uv": [ 7.0, 7.0, 7.399999991059303, 8.100000001490116 ] },
                "down": { "texture": "#2", "uv": [ 7.0, 5.0, 7.399999991059303, 6.100000001490116 ] }
            }
        },
        {
            "name": "Blade6",
            "from": [ 7.600000008940697, 12.999999970197678, 7.100000016391277 ], 
            "to": [ 8.0, 15.999999970197678, 8.200000017881393 ], 
            "rotation": { "origin": [ 8.0, 8.0, 8.0 ], "axis": "x", "angle": -45.0 },
            "faces": {
                "north": { "texture": "#2", "uv": [ 7.0, 4.0, 7.399999991059303, 7.0 ] },
                "east": { "texture": "#2", "uv": [ 7.0, 8.0, 8.100000001490116, 11.0 ] },
                "south": { "texture": "#2", "uv": [ 7.0, 5.0, 7.399999991059303, 8.0 ] },
                "west": { "texture": "#2", "uv": [ 7.0, 7.0, 8.100000001490116, 10.0 ] },
                "up": { "texture": "#2", "uv": [ 7.0, 7.0, 7.399999991059303, 8.100000001490116 ] },
                "down": { "texture": "#2", "uv": [ 7.0, 5.0, 7.399999991059303, 6.100000001490116 ] }
            }
        },
        {
            "name": "TopHandle",
            "from": [ 7.300000004470348, -1.0, 7.799999997019768 ], 
            "to": [ 8.600000008940697, 0.0, 9.100000001490116 ], 
            "faces": {
                "north": { "texture": "#2", "uv": [ 7.0, 4.0, 8.300000004470348, 5.0 ] },
                "east": { "texture": "#2", "uv": [ 7.0, 8.0, 8.300000004470348, 9.0 ] },
                "south": { "texture": "#2", "uv": [ 7.0, 5.0, 8.300000004470348, 6.0 ] },
                "west": { "texture": "#2", "uv": [ 7.0, 7.0, 8.300000004470348, 8.0 ] },
                "up": { "texture": "#2", "uv": [ 7.0, 7.0, 8.300000004470348, 8.300000004470348 ] },
                "down": { "texture": "#2", "uv": [ 7.0, 5.0, 8.300000004470348, 6.300000004470348 ] }
            }
        }
    ]
}