{
    "__comment": "Model generated using MrCrayfish's Model Creator (http://mrcrayfish.com/modelcreator/)",
    "textures": {
        "0": "blocks/planks_big_oak",
        "1": "blocks/anvil_base",
        "2": "blocks/hardened_clay_stained_yellow",
        "3": "blocks/cocoa_stage_2"
    },
    "elements": [
        {
            "name": "Handle",
            "from": [ 7.5, 3.5, 8.5 ], 
            "to": [ 8.5, 9.5, 9.5 ], 
            "faces": {
                "north": { "texture": "#0", "uv": [ 0.0, 0.0, 3.0, 9.0 ] },
                "east": { "texture": "#1", "uv": [ 3.0, 4.0, 11.0, 16.0 ] },
                "south": { "texture": "#1", "uv": [ 4.0, 1.0, 8.0, 11.0 ] },
                "west": { "texture": "#1", "uv": [ 6.0, 5.0, 11.0, 15.0 ] },
                "up": { "texture": "#1", "uv": [ 8.0, 5.0, 11.0, 9.0 ] },
                "down": { "texture": "#1", "uv": [ 3.0, 4.0, 9.0, 9.0 ] }
            }
        },
        {
            "name": "Pommel",
            "from": [ 7.3, 2.5, 8.3 ], 
            "to": [ 8.7, 3.7, 9.700000000000001 ], 
            "faces": {
                "north": { "texture": "#2", "uv": [ 0.0, 0.0, 1.4, 1.2 ] },
                "east": { "texture": "#2", "uv": [ 0.0, 0.0, 1.4, 1.2 ] },
                "south": { "texture": "#2", "uv": [ 0.0, 0.0, 1.4, 1.2 ] },
                "west": { "texture": "#2", "uv": [ 0.0, 0.0, 1.4, 1.2 ] },
                "up": { "texture": "#2", "uv": [ 0.0, 0.0, 1.4, 1.4 ] },
                "down": { "texture": "#2", "uv": [ 0.0, 0.0, 1.4, 1.4 ] }
            }
        },
        {
            "name": "Guard",
            "from": [ 7.3, 9.5, 7.300000000000001 ], 
            "to": [ 8.7, 10.7, 10.700000000000001 ], 
            "faces": {
                "north": { "texture": "#1", "uv": [ 0.0, 0.0, 1.4, 1.2 ] },
                "east": { "texture": "#1", "uv": [ 0.0, 0.0, 3.4, 1.2 ] },
                "south": { "texture": "#1", "uv": [ 0.0, 0.0, 1.4, 1.2 ] },
                "west": { "texture": "#1", "uv": [ 0.0, 0.0, 3.4, 1.2 ] },
                "up": { "texture": "#1", "uv": [ 0.0, 0.0, 1.4, 3.4 ] },
                "down": { "texture": "#1", "uv": [ 0.0, 0.0, 1.4, 3.4 ] }
            }
        },
        {
            "name": "Guard2",
            "from": [ 7.5000000014901165, 6.999999992549419, 10.900000005960464 ], 
            "to": [ 8.399999997019767, 8.199999992549419, 14.100000005960464 ], 
            "rotation": { "origin": [ 8.0, 8.0, 8.0 ], "axis": "x", "angle": -45.0 },
            "faces": {
                "north": { "texture": "#2", "uv": [ 0.0, 0.0, 1.2, 1.2 ] },
                "east": { "texture": "#2", "uv": [ 0.0, 0.0, 3.2, 1.2 ] },
                "south": { "texture": "#2", "uv": [ 0.0, 0.0, 1.2, 1.2 ] },
                "west": { "texture": "#2", "uv": [ 0.0, 0.0, 3.2, 1.2 ] },
                "up": { "texture": "#2", "uv": [ 0.0, 0.0, 1.2, 3.2 ] },
                "down": { "texture": "#2", "uv": [ 0.0, 0.0, 1.2, 3.2 ] }
            }
        },
        {
            "name": "Guard3",
            "from": [ 7.500000002980232, 8.400000002980232, 3.199999985098839 ], 
            "to": [ 8.5, 9.60000000298023, 6.399999985098839 ], 
            "rotation": { "origin": [ 8.0, 8.0, 8.0 ], "axis": "x", "angle": 45.0 },
            "faces": {
                "north": { "texture": "#2", "uv": [ 0.0, 0.0, 1.2, 1.2 ] },
                "east": { "texture": "#2", "uv": [ 0.0, 0.0, 3.2, 1.2 ] },
                "south": { "texture": "#2", "uv": [ 0.0, 0.0, 1.2, 1.2 ] },
                "west": { "texture": "#2", "uv": [ 0.0, 0.0, 3.2, 1.2 ] },
                "up": { "texture": "#2", "uv": [ 0.0, 0.0, 1.2, 3.2 ] },
                "down": { "texture": "#2", "uv": [ 0.0, 0.0, 1.2, 3.2 ] }
            }
        },
        {
            "name": "Blade1",
            "from": [ 7.9, 9.5, 7.3 ], 
            "to": [ 8.1, 23.7, 10.7 ], 
            "faces": {
                "north": { "texture": "#3", "uv": [ 3.0, 0.0, 6.2, 6.199999999999999 ] },
                "east": { "texture": "#3", "uv": [ 9.0, 5.0, 11.4, 12.2 ] },
                "south": { "texture": "#3", "uv": [ 9.0, 7.0, 12.2, 13.2 ] },
                "west": { "texture": "#3", "uv": [ 10.0, 5.0, 12.4, 12.2 ] },
                "up": { "texture": "#3", "uv": [ 3.0, 1.0, 4.2, 4.4 ] },
                "down": { "texture": "#3", "uv": [ 3.0, 2.0, 4.2, 5.4 ] }
            }
        },
        {
            "name": "Blade2",
            "from": [ 7.9, 23.7, 6.899999986588956 ], 
            "to": [ 8.1, 26.9, 11.299999986588954 ], 
            "faces": {
                "north": { "texture": "#3", "uv": [ 3.0, 0.0, 6.2, 6.199999999999999 ] },
                "east": { "texture": "#3", "uv": [ 9.0, 5.0, 11.4, 12.2 ] },
                "south": { "texture": "#3", "uv": [ 9.0, 7.0, 12.2, 13.2 ] },
                "west": { "texture": "#3", "uv": [ 10.0, 5.0, 12.4, 12.2 ] },
                "up": { "texture": "#3", "uv": [ 3.0, 1.0, 4.2, 4.4 ] },
                "down": { "texture": "#3", "uv": [ 3.0, 2.0, 4.2, 5.4 ] }
            }
        },
        {
            "name": "Blade3",
            "from": [ 7.9, 26.799999999999997, 5.999999995529652 ], 
            "to": [ 8.1, 29.0, 12.399999995529653 ], 
            "faces": {
                "north": { "texture": "#3", "uv": [ 3.0, 0.0, 6.2, 6.199999999999999 ] },
                "east": { "texture": "#3", "uv": [ 9.0, 5.0, 11.4, 12.2 ] },
                "south": { "texture": "#3", "uv": [ 9.0, 7.0, 12.2, 13.2 ] },
                "west": { "texture": "#3", "uv": [ 10.0, 5.0, 12.4, 12.2 ] },
                "up": { "texture": "#3", "uv": [ 3.0, 1.0, 4.2, 4.4 ] },
                "down": { "texture": "#3", "uv": [ 3.0, 2.0, 4.2, 5.4 ] }
            }
        }
    ]
}