{
    "__comment": "Model generated using MrCrayfish's Model Creator (http://mrcrayfish.com/modelcreator/)",
    "textures": {
        "0": "blocks/log_big_oak",
        "1": "blocks/end_stone",
        "2": "blocks/beacon",
        "3": "blocks/gold_block"
    },
    "elements": [
        {
            "name": "HeadBase",
            "from": [ 0.0, 1.0, 0.0 ], 
            "to": [ 16.0, 17.0, 16.0 ], 
            "faces": {
                "north": { "texture": "#0", "uv": [ 0.0, 0.0, 3.0, 3.0 ] },
                "east": { "texture": "#0", "uv": [ 4.0, 2.0, 7.0, 5.0 ] },
                "south": { "texture": "#0", "uv": [ 5.0, 4.0, 9.0, 8.0 ] },
                "west": { "texture": "#0", "uv": [ 3.0, 3.0, 6.0, 6.0 ] },
                "up": { "texture": "#0", "uv": [ 0.0, 0.0, 3.0, 4.0 ] },
                "down": { "texture": "#0", "uv": [ 3.0, 2.0, 6.0, 5.0 ] }
            }
        },
        {
            "name": "Mouth",
            "from": [ 4.5, 2.0, -6.0 ], 
            "to": [ 11.5, 7.0, 0.0 ], 
            "faces": {
                "north": { "texture": "#0", "uv": [ 5.0, 8.0, 8.0, 11.0 ] },
                "east": { "texture": "#0", "uv": [ 0.0, 0.0, 2.0, 2.0 ] },
                "south": { "texture": "#0", "uv": [ 0.0, 0.0, 2.0, 1.0 ] },
                "west": { "texture": "#0", "uv": [ 4.0, 5.0, 6.0, 7.0 ] },
                "up": { "texture": "#0", "uv": [ 11.0, 1.0, 12.0, 4.0 ] },
                "down": { "texture": "#0", "uv": [ 3.0, 11.0, 6.0, 13.0 ] }
            }
        },
        {
            "name": "Ear1",
            "from": [ 1.0, 10.0, 9.0 ], 
            "to": [ 2.0, 14.0, 12.0 ], 
            "faces": {
                "north": { "texture": "#0", "uv": [ 0.0, 0.0, 1.0, 4.0 ] },
                "east": { "texture": "#0", "uv": [ 0.0, 0.0, 2.0, 2.0 ] },
                "south": { "texture": "#0", "uv": [ 0.0, 0.0, 1.0, 4.0 ] },
                "west": { "texture": "#0", "uv": [ 2.0, 5.0, 3.0, 7.0 ] },
                "up": { "texture": "#0", "uv": [ 0.0, 0.0, 1.0, 3.0 ] },
                "down": { "texture": "#0", "uv": [ 0.0, 0.0, 1.0, 3.0 ] }
            }
        },
        {
            "name": "Horn1",
            "from": [ 2.0, 17.0, 5.0 ], 
            "to": [ 4.0, 18.0, 7.0 ], 
            "faces": {
                "north": { "texture": "#1", "uv": [ 0.0, 0.0, 2.0, 1.0 ] },
                "east": { "texture": "#1", "uv": [ 0.0, 0.0, 2.0, 1.0 ] },
                "south": { "texture": "#1", "uv": [ 0.0, 0.0, 2.0, 1.0 ] },
                "west": { "texture": "#1", "uv": [ 0.0, 0.0, 2.0, 1.0 ] },
                "up": { "texture": "#1", "uv": [ 0.0, 0.0, 2.0, 2.0 ] },
                "down": { "texture": "#1", "uv": [ 0.0, 0.0, 2.0, 2.0 ] }
            }
        },
        {
            "name": "Eye1",
            "from": [ 2.0, 8.4, -0.5 ], 
            "to": [ 4.0, 10.4, 1.5 ], 
            "rotation": { "origin": [ 8.0, 8.0, 8.0 ], "axis": "z", "angle": -22.5 },
            "faces": {
                "north": { "texture": "#2", "uv": [ 4.0, 3.0, 12.0, 12.0 ] },
                "east": { "texture": "#2", "uv": [ 2.0, 2.0, 3.0, 3.0 ] },
                "south": { "texture": "#2", "uv": [ 1.0, 3.0, 2.0, 4.0 ] },
                "west": { "texture": "#2", "uv": [ 1.0, 2.0, 2.0, 3.0 ] },
                "up": { "texture": "#2", "uv": [ 1.0, 2.0, 2.0, 3.0 ] },
                "down": { "texture": "#2", "uv": [ 2.0, 2.0, 3.0, 3.0 ] }
            }
        },
        {
            "name": "Ear2",
            "from": [ 16.0, 11.5, 7.0 ], 
            "to": [ 17.0, 17.5, 13.0 ], 
            "faces": {
                "north": { "texture": "#0", "uv": [ 0.0, 0.0, 1.0, 4.0 ] },
                "east": { "texture": "#0", "uv": [ 0.0, 0.0, 2.0, 2.0 ] },
                "south": { "texture": "#0", "uv": [ 0.0, 0.0, 1.0, 4.0 ] },
                "west": { "texture": "#0", "uv": [ 2.0, 5.0, 3.0, 7.0 ] },
                "up": { "texture": "#0", "uv": [ 0.0, 0.0, 1.0, 3.0 ] },
                "down": { "texture": "#0", "uv": [ 0.0, 0.0, 1.0, 3.0 ] }
            }
        },
        {
            "name": "Eye2",
            "from": [ 12.0, 8.3, -0.5 ], 
            "to": [ 14.0, 10.3, 1.5 ], 
            "rotation": { "origin": [ 8.0, 8.0, 8.0 ], "axis": "z", "angle": 22.5 },
            "faces": {
                "north": { "texture": "#2", "uv": [ 4.0, 3.0, 12.0, 12.0 ] },
                "east": { "texture": "#2", "uv": [ 2.0, 2.0, 3.0, 3.0 ] },
                "south": { "texture": "#2", "uv": [ 1.0, 3.0, 2.0, 4.0 ] },
                "west": { "texture": "#2", "uv": [ 1.0, 2.0, 2.0, 3.0 ] },
                "up": { "texture": "#2", "uv": [ 1.0, 2.0, 2.0, 3.0 ] },
                "down": { "texture": "#2", "uv": [ 2.0, 2.0, 3.0, 3.0 ] }
            }
        },
        {
            "name": "Horn2",
            "from": [ 12.0, 17.0, 5.0 ], 
            "to": [ 14.0, 18.0, 7.0 ], 
            "faces": {
                "north": { "texture": "#1", "uv": [ 0.0, 0.0, 2.0, 1.0 ] },
                "east": { "texture": "#1", "uv": [ 0.0, 0.0, 2.0, 1.0 ] },
                "south": { "texture": "#1", "uv": [ 0.0, 0.0, 2.0, 1.0 ] },
                "west": { "texture": "#1", "uv": [ 0.0, 0.0, 2.0, 1.0 ] },
                "up": { "texture": "#1", "uv": [ 0.0, 0.0, 2.0, 2.0 ] },
                "down": { "texture": "#1", "uv": [ 0.0, 0.0, 2.0, 2.0 ] }
            }
        },
        {
            "name": "Horn3",
            "from": [ 12.2, 18.0, 5.0 ], 
            "to": [ 14.0, 20.0, 6.8 ], 
            "faces": {
                "north": { "texture": "#1", "uv": [ 0.0, 0.0, 1.8, 2.0 ] },
                "east": { "texture": "#1", "uv": [ 0.0, 0.0, 1.8, 2.0 ] },
                "south": { "texture": "#1", "uv": [ 0.0, 0.0, 1.8, 2.0 ] },
                "west": { "texture": "#1", "uv": [ 0.0, 0.0, 1.8, 2.0 ] },
                "up": { "texture": "#1", "uv": [ 0.0, 0.0, 1.8, 1.8 ] },
                "down": { "texture": "#1", "uv": [ 0.0, 0.0, 1.8, 1.8 ] }
            }
        },
        {
            "name": "Horn4",
            "from": [ 2.0, 18.0, 5.0 ], 
            "to": [ 3.8, 20.0, 6.8 ], 
            "faces": {
                "north": { "texture": "#1", "uv": [ 0.0, 0.0, 1.8, 2.0 ] },
                "east": { "texture": "#1", "uv": [ 0.0, 0.0, 1.8, 2.0 ] },
                "south": { "texture": "#1", "uv": [ 0.0, 0.0, 1.8, 2.0 ] },
                "west": { "texture": "#1", "uv": [ 0.0, 0.0, 1.8, 2.0 ] },
                "up": { "texture": "#1", "uv": [ 0.0, 0.0, 1.8, 1.8 ] },
                "down": { "texture": "#1", "uv": [ 0.0, 0.0, 1.8, 1.8 ] }
            }
        },
        {
            "name": "Nose1",
            "from": [ 6.0, 5.6, -7.0 ], 
            "to": [ 7.0, 6.6, -5.0 ], 
            "faces": {
                "north": { "texture": "#3", "uv": [ 0.0, 0.0, 1.0, 1.0 ] },
                "east": { "texture": "#3", "uv": [ 0.0, 0.0, 2.0, 1.0 ] },
                "south": { "texture": "#3", "uv": [ 0.0, 0.0, 1.0, 1.0 ] },
                "west": { "texture": "#3", "uv": [ 0.0, 0.0, 2.0, 1.0 ] },
                "up": { "texture": "#3", "uv": [ 0.0, 0.0, 1.0, 2.0 ] },
                "down": { "texture": "#3", "uv": [ 0.0, 0.0, 1.0, 2.0 ] }
            }
        },
        {
            "name": "Nose2",
            "from": [ 9.0, 5.6, -7.0 ], 
            "to": [ 10.0, 6.6, -5.0 ], 
            "faces": {
                "north": { "texture": "#3", "uv": [ 0.0, 0.0, 1.0, 1.0 ] },
                "east": { "texture": "#3", "uv": [ 0.0, 0.0, 2.0, 1.0 ] },
                "south": { "texture": "#3", "uv": [ 0.0, 0.0, 1.0, 1.0 ] },
                "west": { "texture": "#3", "uv": [ 0.0, 0.0, 2.0, 1.0 ] },
                "up": { "texture": "#3", "uv": [ 0.0, 0.0, 1.0, 2.0 ] },
                "down": { "texture": "#3", "uv": [ 0.0, 0.0, 1.0, 2.0 ] }
            }
        },
        {
            "name": "Nose3",
            "from": [ 6.5, 5.6, -8.0 ], 
            "to": [ 9.5, 6.6, -7.0 ], 
            "faces": {
                "north": { "texture": "#3", "uv": [ 0.0, 0.0, 3.0, 1.0 ] },
                "east": { "texture": "#3", "uv": [ 0.0, 0.0, 1.0, 1.0 ] },
                "south": { "texture": "#3", "uv": [ 0.0, 0.0, 3.0, 1.0 ] },
                "west": { "texture": "#3", "uv": [ 0.0, 0.0, 1.0, 1.0 ] },
                "up": { "texture": "#3", "uv": [ 0.0, 0.0, 3.0, 1.0 ] },
                "down": { "texture": "#3", "uv": [ 0.0, 0.0, 3.0, 1.0 ] }
            }
        },
        {
            "name": "Horn5",
            "from": [ 2.0, 20.0, 5.0 ], 
            "to": [ 3.6, 22.0, 6.6 ], 
            "faces": {
                "north": { "texture": "#1", "uv": [ 0.0, 0.0, 1.6, 2.0 ] },
                "east": { "texture": "#1", "uv": [ 0.0, 0.0, 1.6, 2.0 ] },
                "south": { "texture": "#1", "uv": [ 0.0, 0.0, 1.6, 2.0 ] },
                "west": { "texture": "#1", "uv": [ 0.0, 0.0, 1.6, 2.0 ] },
                "up": { "texture": "#1", "uv": [ 0.0, 0.0, 1.6, 1.6 ] },
                "down": { "texture": "#1", "uv": [ 0.0, 0.0, 1.6, 1.6 ] }
            }
        },
        {
            "name": "Ear3",
            "from": [ -1.0, 11.5, 7.0 ], 
            "to": [ 0.0, 17.5, 13.0 ], 
            "faces": {
                "north": { "texture": "#0", "uv": [ 0.0, 0.0, 1.0, 4.0 ] },
                "east": { "texture": "#0", "uv": [ 0.0, 0.0, 2.0, 2.0 ] },
                "south": { "texture": "#0", "uv": [ 0.0, 0.0, 1.0, 4.0 ] },
                "west": { "texture": "#0", "uv": [ 2.0, 5.0, 3.0, 7.0 ] },
                "up": { "texture": "#0", "uv": [ 0.0, 0.0, 1.0, 3.0 ] },
                "down": { "texture": "#0", "uv": [ 0.0, 0.0, 1.0, 3.0 ] }
            }
        }
    ]
}