{
    "__comment": "Model generated using MrCrayfish's Model Creator (http://mrcrayfish.com/modelcreator/)",
    "textures": {
        "0": "entity/guardian_elder",
        "1": "entity/end_portal",
        "2": "entity/guardian"
    },
    "display": {
        "head": {
        "rotation": [ 0, 0, 0 ],
        "translation": [ 0, -3.7, 0 ],
        "scale": [ 3, 4, 3 ]
        }
        },
    "elements": [
        {
            "name": "Body1",
            "from": [ 3.4999999925494194, -3.0, 3.5000000074505806 ], 
            "to": [ 12.499999977648258, 9.0, 12.50000000745058 ], 
            "faces": {
                "north": { "texture": "#0", "uv": [ 11.0, 4.0, 14.0, 7.0 ] },
                "east": { "texture": "#0", "uv": [ 1.0, 10.0, 3.0, 12.0 ] },
                "south": { "texture": "#0", "uv": [ 11.0, 4.0, 14.0, 7.0 ] },
                "west": { "texture": "#0", "uv": [ 9.0, 11.0, 12.0, 13.0 ] },
                "up": { "texture": "#0", "uv": [ 4.0, 4.0, 6.0, 6.0 ] },
                "down": { "texture": "#0", "uv": [ 7.0, 10.0, 9.0, 13.0 ] }
            }
        },
        {
            "name": "Body2",
            "from": [ 4.500000007450581, 9.0, 4.500000007450581 ], 
            "to": [ 11.800000011920929, 18.0, 11.800000011920929 ], 
            "faces": {
                "north": { "texture": "#0", "uv": [ 11.0, 4.0, 14.0, 7.0 ] },
                "east": { "texture": "#0", "uv": [ 1.0, 10.0, 3.0, 12.0 ] },
                "south": { "texture": "#0", "uv": [ 11.0, 4.0, 14.0, 7.0 ] },
                "west": { "texture": "#0", "uv": [ 9.0, 11.0, 12.0, 13.0 ] },
                "up": { "texture": "#0", "uv": [ 11.0, 4.0, 13.0, 6.0 ] },
                "down": { "texture": "#0", "uv": [ 7.0, 10.0, 9.0, 13.0 ] }
            }
        },
        {
            "name": "Body3",
            "from": [ 5.500000007450581, 18.0, 5.500000007450581 ], 
            "to": [ 10.50000000745058, 22.0, 10.50000000745058 ], 
            "faces": {
                "north": { "texture": "#0", "uv": [ 11.0, 4.0, 14.0, 7.0 ] },
                "east": { "texture": "#0", "uv": [ 1.0, 10.0, 3.0, 12.0 ] },
                "south": { "texture": "#0", "uv": [ 11.0, 4.0, 14.0, 7.0 ] },
                "west": { "texture": "#0", "uv": [ 9.0, 11.0, 12.0, 13.0 ] },
                "up": { "texture": "#0", "uv": [ 11.0, 4.0, 13.0, 6.0 ] },
                "down": { "texture": "#0", "uv": [ 7.0, 10.0, 9.0, 13.0 ] }
            }
        },
        {
            "name": "Eye1",
            "from": [ 2.3000000044703484, 1.6999999806284904, 6.699999995529652 ], 
            "to": [ 5.399999991059303, 4.799999982118607, 9.800000011920929 ], 
            "faces": {
                "north": { "texture": "#1", "uv": [ 11.0, 4.0, 14.0, 7.0 ] },
                "east": { "texture": "#1", "uv": [ 1.0, 10.0, 3.0, 12.0 ] },
                "south": { "texture": "#1", "uv": [ 11.0, 4.0, 14.0, 7.0 ] },
                "west": { "texture": "#1", "uv": [ 9.0, 11.0, 12.0, 13.0 ] },
                "up": { "texture": "#1", "uv": [ 4.0, 4.0, 6.0, 6.0 ] },
                "down": { "texture": "#1", "uv": [ 7.0, 10.0, 9.0, 13.0 ] }
            }
        },
        {
            "name": "Eye2",
            "from": [ 10.400000005960464, 1.6999999806284904, 6.699999995529652 ], 
            "to": [ 13.49999999254942, 4.799999982118607, 9.800000011920929 ], 
            "faces": {
                "north": { "texture": "#1", "uv": [ 11.0, 4.0, 14.0, 7.0 ] },
                "east": { "texture": "#1", "uv": [ 1.0, 10.0, 3.0, 12.0 ] },
                "south": { "texture": "#1", "uv": [ 11.0, 4.0, 14.0, 7.0 ] },
                "west": { "texture": "#1", "uv": [ 9.0, 11.0, 12.0, 13.0 ] },
                "up": { "texture": "#1", "uv": [ 4.0, 4.0, 6.0, 6.0 ] },
                "down": { "texture": "#1", "uv": [ 7.0, 10.0, 9.0, 13.0 ] }
            }
        },
        {
            "name": "Fin",
            "from": [ 2.100000001490116, 10.69999998062849, 8.699999995529652 ], 
            "to": [ 14.199999988079071, 16.799999982118607, 8.800000011920929 ], 
            "faces": {
                "north": { "texture": "#2", "uv": [ 11.0, 4.0, 14.0, 7.0 ] },
                "east": { "texture": "#2", "uv": [ 1.0, 10.0, 3.0, 12.0 ] },
                "south": { "texture": "#2", "uv": [ 11.0, 4.0, 14.0, 7.0 ] },
                "west": { "texture": "#2", "uv": [ 9.0, 11.0, 12.0, 13.0 ] },
                "up": { "texture": "#2", "uv": [ 4.0, 4.0, 6.0, 6.0 ] },
                "down": { "texture": "#2", "uv": [ 7.0, 10.0, 9.0, 13.0 ] }
            }
        },
        {
            "name": "T1",
            "from": [ 17.49999999254942, 4.0, 7.500000007450581 ], 
            "to": [ 18.499999977648258, 10.0, 8.50000000745058 ], 
            "rotation": { "origin": [ 8.0, 8.0, 8.0 ], "axis": "z", "angle": -45.0 },
            "faces": {
                "north": { "texture": "#0", "uv": [ 11.0, 4.0, 14.0, 7.0 ] },
                "east": { "texture": "#0", "uv": [ 1.0, 10.0, 3.0, 12.0 ] },
                "south": { "texture": "#0", "uv": [ 11.0, 4.0, 14.0, 7.0 ] },
                "west": { "texture": "#0", "uv": [ 9.0, 11.0, 12.0, 13.0 ] },
                "up": { "texture": "#0", "uv": [ 4.0, 4.0, 6.0, 6.0 ] },
                "down": { "texture": "#0", "uv": [ 7.0, 10.0, 9.0, 13.0 ] }
            }
        },
        {
            "name": "T2",
            "from": [ -2.899999998509884, 3.6999999806284904, 7.500000007450581 ], 
            "to": [ -1.900000013411045, 9.69999998062849, 8.50000000745058 ], 
            "rotation": { "origin": [ 8.0, 8.0, 8.0 ], "axis": "z", "angle": 45.0 },
            "faces": {
                "north": { "texture": "#0", "uv": [ 11.0, 4.0, 14.0, 7.0 ] },
                "east": { "texture": "#0", "uv": [ 1.0, 10.0, 3.0, 12.0 ] },
                "south": { "texture": "#0", "uv": [ 11.0, 4.0, 14.0, 7.0 ] },
                "west": { "texture": "#0", "uv": [ 9.0, 11.0, 12.0, 13.0 ] },
                "up": { "texture": "#0", "uv": [ 4.0, 4.0, 6.0, 6.0 ] },
                "down": { "texture": "#0", "uv": [ 7.0, 10.0, 9.0, 13.0 ] }
            }
        },
        {
            "name": "T3",
            "from": [ -2.5999999940395355, 5.19999997317791, 7.0 ], 
            "to": [ -1.6000000089406967, 11.19999997317791, 9.30000001937151 ], 
            "rotation": { "origin": [ 8.0, 8.0, 8.0 ], "axis": "z", "angle": 22.5 },
            "faces": {
                "north": { "texture": "#0", "uv": [ 11.0, 4.0, 14.0, 7.0 ] },
                "east": { "texture": "#0", "uv": [ 1.0, 10.0, 3.0, 12.0 ] },
                "south": { "texture": "#0", "uv": [ 11.0, 4.0, 14.0, 7.0 ] },
                "west": { "texture": "#2", "uv": [ 9.0, 11.0, 12.0, 13.0 ] },
                "up": { "texture": "#0", "uv": [ 4.0, 4.0, 6.0, 6.0 ] },
                "down": { "texture": "#2", "uv": [ 7.0, 10.0, 9.0, 13.0 ] }
            }
        },
        {
            "name": "T4",
            "from": [ 17.400000005960464, 5.799999982118607, 7.0 ], 
            "to": [ 18.399999991059303, 11.799999982118607, 9.30000001937151 ], 
            "rotation": { "origin": [ 8.0, 8.0, 8.0 ], "axis": "z", "angle": -22.5 },
            "faces": {
                "north": { "texture": "#0", "uv": [ 11.0, 4.0, 14.0, 7.0 ] },
                "east": { "texture": "#2", "uv": [ 1.0, 10.0, 3.0, 12.0 ] },
                "south": { "texture": "#0", "uv": [ 11.0, 4.0, 14.0, 7.0 ] },
                "west": { "texture": "#0", "uv": [ 9.0, 11.0, 12.0, 13.0 ] },
                "up": { "texture": "#0", "uv": [ 4.0, 4.0, 6.0, 6.0 ] },
                "down": { "texture": "#2", "uv": [ 7.0, 10.0, 9.0, 13.0 ] }
            }
        }
    ]
}