{
    "__comment": "Model generated using MrCrayfish's Model Creator (http://mrcrayfish.com/modelcreator/)",
    "textures": {
        "0": "blocks/sandstone_carved",
        "1": "blocks/sand",
        "2": "blocks/dirt",
        "3": "blocks/redstone_block",
        "4": "blocks/lapis_block"
    },
    "elements": [
        {
            "name": "HeadBase",
            "from": [ 0.5, 0.5, 0.5 ], 
            "to": [ 15.5, 15.5, 15.5 ], 
            "faces": {
                "north": { "texture": "#0", "uv": [ 0.0, 9.0, 7.0, 15.0 ] },
                "east": { "texture": "#0", "uv": [ 0.0, 0.0, 11.0, 13.0 ] },
                "south": { "texture": "#0", "uv": [ 3.0, 7.0, 13.0, 13.0 ] },
                "west": { "texture": "#0", "uv": [ 0.0, 0.0, 8.0, 9.0 ] },
                "up": { "texture": "#0", "uv": [ 0.0, 0.0, 8.0, 8.0 ] },
                "down": { "texture": "#0", "uv": [ 0.0, 0.0, 15.0, 15.0 ] }
            }
        },
        {
            "name": "ShoulderPad1",
            "from": [ 4.6, -8.4, 1.0 ], 
            "to": [ 12.6, 5.6, 15.0 ], 
            "rotation": { "origin": [ 8.0, 8.0, 8.0 ], "axis": "z", "angle": -45.0 },
            "faces": {
                "north": { "texture": "#1", "uv": [ 0.0, 0.0, 9.0, 12.0 ] },
                "east": { "texture": "#1", "uv": [ 0.0, 0.0, 14.0, 14.0 ] },
                "south": { "texture": "#1", "uv": [ 0.0, 0.0, 8.0, 14.0 ] },
                "west": { "texture": "#1", "uv": [ 0.0, 0.0, 14.0, 14.0 ] },
                "up": { "texture": "#1", "uv": [ 0.0, 0.0, 8.0, 14.0 ] },
                "down": { "texture": "#1", "uv": [ 0.0, 0.0, 8.0, 14.0 ] }
            }
        },
        {
            "name": "Shoulderpad2",
            "from": [ 3.4, -8.4, 1.0 ], 
            "to": [ 11.4, 5.6, 15.0 ], 
            "rotation": { "origin": [ 8.0, 8.0, 8.0 ], "axis": "z", "angle": 45.0 },
            "faces": {
                "north": { "texture": "#1", "uv": [ 0.0, 0.0, 8.0, 14.0 ] },
                "east": { "texture": "#1", "uv": [ 0.0, 0.0, 14.0, 14.0 ] },
                "south": { "texture": "#1", "uv": [ 0.0, 0.0, 8.0, 14.0 ] },
                "west": { "texture": "#1", "uv": [ 0.0, 0.0, 14.0, 14.0 ] },
                "up": { "texture": "#1", "uv": [ 0.0, 0.0, 8.0, 14.0 ] },
                "down": { "texture": "#1", "uv": [ 0.0, 0.0, 8.0, 14.0 ] }
            }
        },
        {
            "name": "Eye1",
            "from": [ 4.0, 9.0, 0.0 ], 
            "to": [ 5.0, 10.0, 1.0 ], 
            "faces": {
                "north": { "texture": "#2", "uv": [ 0.0, 0.0, 16.0, 16.0 ] },
                "east": { "texture": "#3", "uv": [ 0.0, 0.0, 7.0, 11.0 ] },
                "south": { "texture": "#3", "uv": [ 0.0, 0.0, 1.0, 1.0 ] },
                "west": { "texture": "#3", "uv": [ 0.0, 0.0, 1.0, 1.0 ] },
                "up": { "texture": "#3", "uv": [ 0.0, 0.0, 1.0, 1.0 ] },
                "down": { "texture": "#2", "uv": [ 0.0, 0.0, 1.0, 1.0 ] }
            }
        },
        {
            "name": "Eye2",
            "from": [ 11.0, 9.0, 0.0 ], 
            "to": [ 12.0, 10.0, 1.0 ], 
            "faces": {
                "north": { "texture": "#2", "uv": [ 7.0, 5.0, 8.0, 6.0 ] },
                "east": { "texture": "#3", "uv": [ 0.0, 0.0, 1.0, 1.0 ] },
                "south": { "texture": "#3", "uv": [ 0.0, 0.0, 1.0, 1.0 ] },
                "west": { "texture": "#3", "uv": [ 0.0, 0.0, 1.0, 1.0 ] },
                "up": { "texture": "#3", "uv": [ 0.0, 0.0, 1.0, 1.0 ] },
                "down": { "texture": "#3", "uv": [ 0.0, 0.0, 1.0, 1.0 ] }
            }
        },
        {
            "name": "HeadGuard1",
            "from": [ 7.5, 9.0, 0.0 ], 
            "to": [ 8.5, 17.0, 6.0 ], 
            "faces": {
                "north": { "texture": "#4", "uv": [ 0.0, 0.0, 1.0, 8.0 ] },
                "east": { "texture": "#4", "uv": [ 4.0, 3.0, 10.0, 11.0 ] },
                "south": { "texture": "#4", "uv": [ 0.0, 0.0, 1.0, 8.0 ] },
                "west": { "texture": "#4", "uv": [ 4.0, 5.0, 10.0, 13.0 ] },
                "up": { "texture": "#4", "uv": [ 0.0, 0.0, 1.0, 6.0 ] },
                "down": { "texture": "#4", "uv": [ 0.0, 0.0, 1.0, 6.0 ] }
            }
        },
        {
            "name": "HeadGuard2",
            "from": [ -2.5, 2.0, 6.0 ], 
            "to": [ 18.5, 19.0, 8.0 ], 
            "faces": {
                "north": { "texture": "#4", "uv": [ 0.0, 0.0, 16.0, 15.0 ] },
                "east": { "texture": "#4", "uv": [ 0.0, 0.0, 2.0, 16.0 ] },
                "south": { "texture": "#4", "uv": [ 0.0, 0.0, 16.0, 15.0 ] },
                "west": { "texture": "#4", "uv": [ 0.0, 0.0, 2.0, 16.0 ] },
                "up": { "texture": "#4", "uv": [ 0.0, 0.0, 14.0, 2.0 ] },
                "down": { "texture": "#4", "uv": [ 0.0, 0.0, 15.0, 2.0 ] }
            }
        },
        {
            "name": "Mouth",
            "from": [ 4.0, 3.0, 0.0 ], 
            "to": [ 12.0, 4.0, 1.0 ], 
            "faces": {
                "north": { "texture": "#2", "uv": [ 0.0, 0.0, 8.0, 1.0 ] },
                "east": { "texture": "#2", "uv": [ 0.0, 0.0, 1.0, 1.0 ] },
                "south": { "texture": "#2", "uv": [ 0.0, 0.0, 8.0, 1.0 ] },
                "west": { "texture": "#2", "uv": [ 0.0, 0.0, 1.0, 1.0 ] },
                "up": { "texture": "#2", "uv": [ 0.0, 0.0, 8.0, 1.0 ] },
                "down": { "texture": "#2", "uv": [ 0.0, 0.0, 8.0, 1.0 ] }
            }
        },
        {
            "name": "Beard",
            "from": [ 7.0, -6.0, 0.0 ], 
            "to": [ 9.0, 1.0, 1.0 ], 
            "faces": {
                "north": { "texture": "#4", "uv": [ 0.0, 0.0, 2.0, 7.0 ] },
                "east": { "texture": "#4", "uv": [ 0.0, 0.0, 1.0, 7.0 ] },
                "south": { "texture": "#4", "uv": [ 0.0, 0.0, 2.0, 7.0 ] },
                "west": { "texture": "#4", "uv": [ 0.0, 0.0, 1.0, 7.0 ] },
                "up": { "texture": "#4", "uv": [ 0.0, 0.0, 2.0, 1.0 ] },
                "down": { "texture": "#4", "uv": [ 0.0, 0.0, 2.0, 1.0 ] }
            }
        }
    ]
}