{
    "__comment": "Model generated using MrCrayfish's Model Creator (http://mrcrayfish.com/modelcreator/)",
    "textures": {
        "0": "items/paper",
        "1": "entity/banner_base",
        "2": "items/beetroot"
    },
    "elements": [
        {
            "name": "L2",
            "from": [ 7.2, 4.2, 6.9 ], 
            "to": [ 8.6, 14.2, 7.300000000000001 ], 
            "faces": {
                "north": { "texture": "#0", "uv": [ 6.0, 6.0, 6.4, 6.4 ] },
                "east": { "texture": "#0", "uv": [ 3.0, 7.0, 13.0, 9.4 ] },
                "south": { "texture": "#0", "uv": [ 6.0, 7.0, 10.4, 10.4 ] },
                "west": { "texture": "#0", "uv": [ 2.0, 6.0, 12.0, 8.4 ] },
                "up": { "texture": "#0", "uv": [ 10.0, 3.0, 7.4, 11.0 ] },
                "down": { "texture": "#0", "uv": [ 7.0, 3.0, 9.4, 11.0 ] }
            }
        },
        {
            "name": "L3",
            "from": [ 6.8, 4.199999999999999, 7.3 ], 
            "to": [ 7.2, 14.2, 8.7 ], 
            "faces": {
                "north": { "texture": "#0", "uv": [ 6.0, 6.0, 6.4, 6.4 ] },
                "east": { "texture": "#0", "uv": [ 3.0, 7.0, 13.0, 9.4 ] },
                "south": { "texture": "#0", "uv": [ 6.0, 7.0, 10.4, 10.4 ] },
                "west": { "texture": "#0", "uv": [ 2.0, 6.0, 12.0, 8.4 ] },
                "up": { "texture": "#0", "uv": [ 10.0, 3.0, 7.4, 11.0 ] },
                "down": { "texture": "#0", "uv": [ 7.0, 3.0, 9.4, 11.0 ] }
            }
        },
        {
            "name": "1",
            "from": [ 8.6, 4.199999999999999, 7.300000000000001 ], 
            "to": [ 9.0, 14.2, 8.700000000000001 ], 
            "faces": {
                "north": { "texture": "#0", "uv": [ 6.0, 6.0, 6.4, 6.4 ] },
                "east": { "texture": "#0", "uv": [ 3.0, 7.0, 13.0, 9.4 ] },
                "south": { "texture": "#0", "uv": [ 6.0, 7.0, 10.4, 10.4 ] },
                "west": { "texture": "#0", "uv": [ 2.0, 6.0, 12.0, 8.4 ] },
                "up": { "texture": "#0", "uv": [ 10.0, 3.0, 7.4, 11.0 ] },
                "down": { "texture": "#0", "uv": [ 7.0, 3.0, 9.4, 11.0 ] }
            }
        },
        {
            "name": "L4",
            "from": [ 7.2, 4.2, 8.7 ], 
            "to": [ 8.6, 14.2, 9.1 ], 
            "faces": {
                "north": { "texture": "#0", "uv": [ 6.0, 6.0, 6.4, 6.4 ] },
                "east": { "texture": "#0", "uv": [ 3.0, 7.0, 13.0, 9.4 ] },
                "south": { "texture": "#0", "uv": [ 6.0, 7.0, 10.4, 10.4 ] },
                "west": { "texture": "#0", "uv": [ 2.0, 6.0, 12.0, 8.4 ] },
                "up": { "texture": "#0", "uv": [ 10.0, 3.0, 7.4, 11.0 ] },
                "down": { "texture": "#0", "uv": [ 7.0, 3.0, 9.4, 11.0 ] }
            }
        },
        {
            "name": "Capsulke1",
            "from": [ 6.5, 3.4, 6.6 ], 
            "to": [ 9.3, 4.2, 9.399999999999999 ], 
            "faces": {
                "north": { "texture": "#1", "uv": [ 8.0, 2.0, 10.8, 4.8 ] },
                "east": { "texture": "#1", "uv": [ 8.0, 2.0, 10.8, 3.8 ] },
                "south": { "texture": "#1", "uv": [ 4.0, 1.0, 6.8, 2.8 ] },
                "west": { "texture": "#1", "uv": [ 3.0, 1.0, 5.8, 2.8 ] },
                "up": { "texture": "#1", "uv": [ 8.0, 2.0, 10.8, 4.8 ] },
                "down": { "texture": "#1", "uv": [ 8.0, 2.0, 10.8, 4.8 ] }
            }
        },
        {
            "name": "Capsule2",
            "from": [ 6.5, 14.2, 6.6 ], 
            "to": [ 9.3, 15.0, 9.399999999999999 ], 
            "faces": {
                "north": { "texture": "#1", "uv": [ 8.0, 2.0, 10.8, 4.8 ] },
                "east": { "texture": "#1", "uv": [ 8.0, 2.0, 10.8, 3.8 ] },
                "south": { "texture": "#1", "uv": [ 4.0, 1.0, 6.8, 2.8 ] },
                "west": { "texture": "#1", "uv": [ 8.0, 3.0, 10.8, 4.8 ] },
                "up": { "texture": "#1", "uv": [ 8.0, 2.0, 10.8, 4.8 ] },
                "down": { "texture": "#1", "uv": [ 8.0, 2.0, 10.8, 4.8 ] }
            }
        },
        {
            "name": "R1",
            "from": [ 6.1, 14.3, 7.1 ], 
            "to": [ 6.5, 14.9, 8.899999999999999 ], 
            "faces": {
                "north": { "texture": "#1", "uv": [ 8.0, 2.0, 10.8, 4.8 ] },
                "east": { "texture": "#1", "uv": [ 8.0, 2.0, 10.8, 3.8 ] },
                "south": { "texture": "#1", "uv": [ 4.0, 1.0, 6.8, 2.8 ] },
                "west": { "texture": "#1", "uv": [ 3.0, 1.0, 5.8, 2.8 ] },
                "up": { "texture": "#1", "uv": [ 8.0, 2.0, 8.4, 3.8 ] },
                "down": { "texture": "#1", "uv": [ 8.0, 2.0, 8.4, 3.8 ] }
            }
        },
        {
            "name": "R2",
            "from": [ 9.3, 14.3, 7.1 ], 
            "to": [ 9.700000000000001, 14.9, 8.9 ], 
            "faces": {
                "north": { "texture": "#1", "uv": [ 8.0, 2.0, 10.8, 4.8 ] },
                "east": { "texture": "#1", "uv": [ 8.0, 2.0, 10.8, 3.8 ] },
                "south": { "texture": "#1", "uv": [ 4.0, 1.0, 6.8, 2.8 ] },
                "west": { "texture": "#1", "uv": [ 3.0, 1.0, 5.8, 2.8 ] },
                "up": { "texture": "#1", "uv": [ 8.0, 2.0, 8.4, 3.8 ] },
                "down": { "texture": "#1", "uv": [ 8.0, 2.0, 8.4, 3.8 ] }
            }
        },
        {
            "name": "R3",
            "from": [ 9.3, 3.5, 7.1 ], 
            "to": [ 9.700000000000001, 4.1, 8.899999999999999 ], 
            "faces": {
                "north": { "texture": "#1", "uv": [ 8.0, 2.0, 10.8, 4.8 ] },
                "east": { "texture": "#1", "uv": [ 8.0, 2.0, 10.8, 3.8 ] },
                "south": { "texture": "#1", "uv": [ 4.0, 1.0, 6.8, 2.8 ] },
                "west": { "texture": "#1", "uv": [ 3.0, 1.0, 5.8, 2.8 ] },
                "up": { "texture": "#1", "uv": [ 8.0, 2.0, 8.4, 3.8 ] },
                "down": { "texture": "#1", "uv": [ 8.0, 2.0, 8.4, 3.8 ] }
            }
        },
        {
            "name": "R4",
            "from": [ 6.1, 3.5, 7.1 ], 
            "to": [ 6.5, 4.1, 8.899999999999999 ], 
            "faces": {
                "north": { "texture": "#1", "uv": [ 8.0, 2.0, 10.8, 4.8 ] },
                "east": { "texture": "#1", "uv": [ 8.0, 2.0, 10.8, 3.8 ] },
                "south": { "texture": "#1", "uv": [ 4.0, 1.0, 6.8, 2.8 ] },
                "west": { "texture": "#1", "uv": [ 3.0, 1.0, 5.8, 2.8 ] },
                "up": { "texture": "#1", "uv": [ 8.0, 2.0, 8.4, 3.8 ] },
                "down": { "texture": "#1", "uv": [ 8.0, 2.0, 8.4, 3.8 ] }
            }
        },
        {
            "name": "R5",
            "from": [ 7.0, 3.5, 6.3 ], 
            "to": [ 8.8, 4.1, 6.7 ], 
            "faces": {
                "north": { "texture": "#1", "uv": [ 8.0, 2.0, 10.8, 4.8 ] },
                "east": { "texture": "#1", "uv": [ 8.0, 2.0, 10.8, 3.8 ] },
                "south": { "texture": "#1", "uv": [ 4.0, 1.0, 6.8, 2.8 ] },
                "west": { "texture": "#1", "uv": [ 3.0, 1.0, 5.8, 2.8 ] },
                "up": { "texture": "#1", "uv": [ 8.0, 2.0, 9.8, 2.4 ] },
                "down": { "texture": "#1", "uv": [ 8.0, 2.0, 9.8, 2.4 ] }
            }
        },
        {
            "name": "R6",
            "from": [ 7.0, 14.3, 6.3 ], 
            "to": [ 8.8, 14.9, 6.7 ], 
            "faces": {
                "north": { "texture": "#1", "uv": [ 8.0, 2.0, 10.8, 4.8 ] },
                "east": { "texture": "#1", "uv": [ 8.0, 2.0, 10.8, 3.8 ] },
                "south": { "texture": "#1", "uv": [ 4.0, 1.0, 6.8, 2.8 ] },
                "west": { "texture": "#1", "uv": [ 3.0, 1.0, 5.8, 2.8 ] },
                "up": { "texture": "#1", "uv": [ 8.0, 2.0, 9.8, 2.4 ] },
                "down": { "texture": "#1", "uv": [ 8.0, 2.0, 9.8, 2.4 ] }
            }
        },
        {
            "name": "R7",
            "from": [ 7.0, 14.3, 9.3 ], 
            "to": [ 8.8, 14.9, 9.700000000000001 ], 
            "faces": {
                "north": { "texture": "#1", "uv": [ 8.0, 2.0, 10.8, 4.8 ] },
                "east": { "texture": "#1", "uv": [ 8.0, 2.0, 10.8, 3.8 ] },
                "south": { "texture": "#1", "uv": [ 4.0, 1.0, 6.8, 2.8 ] },
                "west": { "texture": "#1", "uv": [ 3.0, 1.0, 5.8, 2.8 ] },
                "up": { "texture": "#1", "uv": [ 8.0, 2.0, 9.8, 2.4 ] },
                "down": { "texture": "#1", "uv": [ 8.0, 2.0, 9.8, 2.4 ] }
            }
        },
        {
            "name": "R8",
            "from": [ 7.0, 3.5, 9.3 ], 
            "to": [ 8.8, 4.1, 9.700000000000001 ], 
            "faces": {
                "north": { "texture": "#1", "uv": [ 8.0, 2.0, 10.8, 4.8 ] },
                "east": { "texture": "#1", "uv": [ 8.0, 2.0, 10.8, 3.8 ] },
                "south": { "texture": "#1", "uv": [ 4.0, 1.0, 6.8, 2.8 ] },
                "west": { "texture": "#1", "uv": [ 3.0, 1.0, 5.8, 2.8 ] },
                "up": { "texture": "#1", "uv": [ 8.0, 2.0, 9.8, 2.4 ] },
                "down": { "texture": "#1", "uv": [ 8.0, 2.0, 9.8, 2.4 ] }
            }
        },
        {
            "name": "Binder",
            "from": [ 6.9, 8.5, 7.0 ], 
            "to": [ 8.9, 10.5, 9.0 ], 
            "faces": {
                "north": { "texture": "#2", "uv": [ 6.0, 7.0, 11.0, 12.0 ] },
                "east": { "texture": "#2", "uv": [ 7.0, 8.0, 11.0, 13.0 ] },
                "south": { "texture": "#2", "uv": [ 7.0, 7.0, 13.0, 13.0 ] },
                "west": { "texture": "#2", "uv": [ 7.0, 7.0, 12.0, 13.0 ] },
                "up": { "texture": "#2", "uv": [ 6.0, 5.0, 12.0, 13.0 ] },
                "down": { "texture": "#2", "uv": [ 7.0, 7.0, 13.0, 13.0 ] }
            }
        },
        {
            "name": "Binder2",
            "from": [ 8.9, 8.5, 7.1 ], 
            "to": [ 9.1, 10.5, 8.9 ], 
            "faces": {
                "north": { "texture": "#2", "uv": [ 6.0, 7.0, 11.0, 12.0 ] },
                "east": { "texture": "#2", "uv": [ 7.0, 8.0, 11.0, 13.0 ] },
                "south": { "texture": "#2", "uv": [ 7.0, 7.0, 13.0, 13.0 ] },
                "west": { "texture": "#2", "uv": [ 7.0, 7.0, 12.0, 13.0 ] },
                "up": { "texture": "#2", "uv": [ 6.0, 5.0, 12.0, 13.0 ] },
                "down": { "texture": "#2", "uv": [ 7.0, 7.0, 13.0, 13.0 ] }
            }
        },
        {
            "name": "Binder3",
            "from": [ 6.7, 8.5, 7.1 ], 
            "to": [ 6.9, 10.5, 8.9 ], 
            "faces": {
                "north": { "texture": "#2", "uv": [ 6.0, 7.0, 11.0, 12.0 ] },
                "east": { "texture": "#2", "uv": [ 7.0, 8.0, 11.0, 13.0 ] },
                "south": { "texture": "#2", "uv": [ 7.0, 7.0, 13.0, 13.0 ] },
                "west": { "texture": "#2", "uv": [ 7.0, 7.0, 12.0, 13.0 ] },
                "up": { "texture": "#2", "uv": [ 6.0, 5.0, 12.0, 13.0 ] },
                "down": { "texture": "#2", "uv": [ 7.0, 7.0, 13.0, 13.0 ] }
            }
        },
        {
            "name": "Binder4",
            "from": [ 7.0, 8.5, 9.0 ], 
            "to": [ 8.8, 10.5, 9.2 ], 
            "faces": {
                "north": { "texture": "#2", "uv": [ 6.0, 7.0, 11.0, 12.0 ] },
                "east": { "texture": "#2", "uv": [ 7.0, 8.0, 11.0, 13.0 ] },
                "south": { "texture": "#2", "uv": [ 7.0, 7.0, 13.0, 13.0 ] },
                "west": { "texture": "#2", "uv": [ 7.0, 7.0, 12.0, 13.0 ] },
                "up": { "texture": "#2", "uv": [ 6.0, 5.0, 12.0, 13.0 ] },
                "down": { "texture": "#2", "uv": [ 7.0, 7.0, 13.0, 13.0 ] }
            }
        },
        {
            "name": "Binder5",
            "from": [ 7.0, 8.5, 6.8 ], 
            "to": [ 8.8, 10.5, 7.0 ], 
            "faces": {
                "north": { "texture": "#2", "uv": [ 6.0, 7.0, 11.0, 12.0 ] },
                "east": { "texture": "#2", "uv": [ 7.0, 8.0, 11.0, 13.0 ] },
                "south": { "texture": "#2", "uv": [ 7.0, 7.0, 13.0, 13.0 ] },
                "west": { "texture": "#2", "uv": [ 7.0, 7.0, 12.0, 13.0 ] },
                "up": { "texture": "#2", "uv": [ 6.0, 5.0, 12.0, 13.0 ] },
                "down": { "texture": "#2", "uv": [ 7.0, 7.0, 13.0, 13.0 ] }
            }
        }
    ]
}