{
    "__comment": "Model generated using MrCrayfish's Model Creator (http://mrcrayfish.com/modelcreator/)",
    "textures": {
        "0": "blocks/end_bricks",
        "1": "blocks/dragon_egg"
    },
    "elements": [
        {
            "name": "Head1",
            "from": [ 6.0, 12.0, 6.0 ], 
            "to": [ 10.0, 14.0, 10.0 ], 
            "faces": {
                "north": { "texture": "#0", "uv": [ 0.0, 0.0, 4.0, 2.0 ] },
                "east": { "texture": "#0", "uv": [ 0.0, 0.0, 4.0, 2.0 ] },
                "south": { "texture": "#0", "uv": [ 0.0, 0.0, 4.0, 2.0 ] },
                "west": { "texture": "#0", "uv": [ 0.0, 0.0, 4.0, 2.0 ] },
                "up": { "texture": "#0", "uv": [ 0.0, 0.0, 4.0, 4.0 ] },
                "down": { "texture": "#0", "uv": [ 0.0, 0.0, 4.0, 4.0 ] }
            }
        },
        {
            "name": "Mouth",
            "from": [ 6.499999992549419, 11.50000000745058, 6.4000000059604645 ], 
            "to": [ 9.699999995529652, 12.50000000745058, 9.600000008940697 ], 
            "faces": {
                "north": { "texture": "#1", "uv": [ 1.0, 0.0, 9.200000002980232, 4.0 ] },
                "east": { "texture": "#1", "uv": [ 0.0, 0.0, 3.2000000029802322, 1.0 ] },
                "south": { "texture": "#1", "uv": [ 0.0, 0.0, 5.200000002980232, 6.0 ] },
                "west": { "texture": "#1", "uv": [ 0.0, 0.0, 12.200000002980232, 3.0 ] },
                "up": { "texture": "#1", "uv": [ 0.0, 0.0, 8.200000002980232, 5.200000002980232 ] },
                "down": { "texture": "#1", "uv": [ 2.0, 2.0, 6.200000002980232, 6.200000002980232 ] }
            }
        },
        {
            "name": "Head2",
            "from": [ 6.4000000059604645, 12.50000000745058, 6.4000000059604645 ], 
            "to": [ 9.599999994039536, 14.50000000745058, 9.599999994039536 ], 
            "faces": {
                "north": { "texture": "#0", "uv": [ 0.0, 0.0, 3.199999988079071, 2.0 ] },
                "east": { "texture": "#0", "uv": [ 0.0, 0.0, 3.199999988079071, 2.0 ] },
                "south": { "texture": "#0", "uv": [ 0.0, 0.0, 3.199999988079071, 2.0 ] },
                "west": { "texture": "#0", "uv": [ 0.0, 0.0, 3.199999988079071, 2.0 ] },
                "up": { "texture": "#0", "uv": [ 0.0, 0.0, 3.199999988079071, 3.199999988079071 ] },
                "down": { "texture": "#0", "uv": [ 0.0, 0.0, 3.199999988079071, 3.199999988079071 ] }
            }
        },
        {
            "name": "Leg1",
            "from": [ 3.2000000178813934, 8.50000000745058, 9.50000000745058 ], 
            "to": [ 3.5999999940395355, 11.50000000745058, 9.899999983608723 ], 
            "rotation": { "origin": [ 8.0, 8.0, 8.0 ], "axis": "z", "angle": -45.0 },
            "faces": {
                "north": { "texture": "#0", "uv": [ 0.0, 0.0, 0.3999999761581421, 3.0 ] },
                "east": { "texture": "#0", "uv": [ 0.0, 0.0, 0.3999999761581421, 3.0 ] },
                "south": { "texture": "#0", "uv": [ 0.0, 0.0, 0.3999999761581421, 3.0 ] },
                "west": { "texture": "#0", "uv": [ 0.0, 0.0, 0.3999999761581421, 3.0 ] },
                "up": { "texture": "#0", "uv": [ 0.0, 0.0, 0.3999999761581421, 0.3999999761581421 ] },
                "down": { "texture": "#0", "uv": [ 0.0, 0.0, 0.3999999761581421, 0.3999999761581421 ] }
            }
        },
        {
            "name": "Leg2",
            "from": [ 3.2000000178813934, 8.50000000745058, 6.500000007450581 ], 
            "to": [ 3.5999999940395355, 11.50000000745058, 6.899999983608723 ], 
            "rotation": { "origin": [ 8.0, 8.0, 8.0 ], "axis": "z", "angle": -45.0 },
            "faces": {
                "north": { "texture": "#0", "uv": [ 0.0, 0.0, 0.3999999761581421, 3.0 ] },
                "east": { "texture": "#0", "uv": [ 0.0, 0.0, 0.3999999761581421, 3.0 ] },
                "south": { "texture": "#0", "uv": [ 0.0, 0.0, 0.3999999761581421, 3.0 ] },
                "west": { "texture": "#0", "uv": [ 0.0, 0.0, 0.3999999761581421, 3.0 ] },
                "up": { "texture": "#0", "uv": [ 0.0, 0.0, 0.3999999761581421, 0.3999999761581421 ] },
                "down": { "texture": "#0", "uv": [ 0.0, 0.0, 0.3999999761581421, 0.3999999761581421 ] }
            }
        },
        {
            "name": "Leg3",
            "from": [ 12.400000020861626, 8.50000000745058, 6.500000007450581 ], 
            "to": [ 12.799999997019768, 11.50000000745058, 6.899999983608723 ], 
            "rotation": { "origin": [ 8.0, 8.0, 8.0 ], "axis": "z", "angle": 45.0 },
            "faces": {
                "north": { "texture": "#0", "uv": [ 0.0, 0.0, 0.3999999761581421, 3.0 ] },
                "east": { "texture": "#0", "uv": [ 0.0, 0.0, 0.3999999761581421, 3.0 ] },
                "south": { "texture": "#0", "uv": [ 0.0, 0.0, 0.3999999761581421, 3.0 ] },
                "west": { "texture": "#0", "uv": [ 0.0, 0.0, 0.3999999761581421, 3.0 ] },
                "up": { "texture": "#0", "uv": [ 0.0, 0.0, 0.3999999761581421, 0.3999999761581421 ] },
                "down": { "texture": "#0", "uv": [ 0.0, 0.0, 0.3999999761581421, 0.3999999761581421 ] }
            }
        },
        {
            "name": "Leg4",
            "from": [ 12.400000020861626, 8.50000000745058, 9.300000004470348 ], 
            "to": [ 12.799999997019768, 11.50000000745058, 9.69999998062849 ], 
            "rotation": { "origin": [ 8.0, 8.0, 8.0 ], "axis": "z", "angle": 45.0 },
            "faces": {
                "north": { "texture": "#0", "uv": [ 0.0, 0.0, 0.3999999761581421, 3.0 ] },
                "east": { "texture": "#0", "uv": [ 0.0, 0.0, 0.3999999761581421, 3.0 ] },
                "south": { "texture": "#0", "uv": [ 0.0, 0.0, 0.3999999761581421, 3.0 ] },
                "west": { "texture": "#0", "uv": [ 0.0, 0.0, 0.3999999761581421, 3.0 ] },
                "up": { "texture": "#0", "uv": [ 0.0, 0.0, 0.3999999761581421, 0.3999999761581421 ] },
                "down": { "texture": "#0", "uv": [ 0.0, 0.0, 0.3999999761581421, 0.3999999761581421 ] }
            }
        },
        {
            "name": "Leg2_1",
            "from": [ 11.800000011920929, 8.300000004470348, 9.300000004470348 ], 
            "to": [ 12.199999988079071, 10.300000004470348, 9.69999998062849 ], 
            "rotation": { "origin": [ 8.0, 8.0, 8.0 ], "axis": "z", "angle": 22.5 },
            "faces": {
                "north": { "texture": "#0", "uv": [ 0.0, 0.0, 0.3999999761581421, 2.0 ] },
                "east": { "texture": "#0", "uv": [ 0.0, 0.0, 0.3999999761581421, 2.0 ] },
                "south": { "texture": "#0", "uv": [ 0.0, 0.0, 0.3999999761581421, 2.0 ] },
                "west": { "texture": "#0", "uv": [ 0.0, 0.0, 0.3999999761581421, 2.0 ] },
                "up": { "texture": "#0", "uv": [ 0.0, 0.0, 0.3999999761581421, 0.3999999761581421 ] },
                "down": { "texture": "#0", "uv": [ 0.0, 0.0, 0.3999999761581421, 0.3999999761581421 ] }
            }
        },
        {
            "name": "Leg2_2",
            "from": [ 11.800000011920929, 8.300000004470348, 6.500000007450581 ], 
            "to": [ 12.199999988079071, 10.300000004470348, 6.899999983608723 ], 
            "rotation": { "origin": [ 8.0, 8.0, 8.0 ], "axis": "z", "angle": 22.5 },
            "faces": {
                "north": { "texture": "#0", "uv": [ 0.0, 0.0, 0.3999999761581421, 2.0 ] },
                "east": { "texture": "#0", "uv": [ 0.0, 0.0, 0.3999999761581421, 2.0 ] },
                "south": { "texture": "#0", "uv": [ 0.0, 0.0, 0.3999999761581421, 2.0 ] },
                "west": { "texture": "#0", "uv": [ 0.0, 0.0, 0.3999999761581421, 2.0 ] },
                "up": { "texture": "#0", "uv": [ 0.0, 0.0, 0.3999999761581421, 0.3999999761581421 ] },
                "down": { "texture": "#0", "uv": [ 0.0, 0.0, 0.3999999761581421, 0.3999999761581421 ] }
            }
        },
        {
            "name": "Leg2_3",
            "from": [ 3.700000010430813, 8.300000004470348, 6.500000007450581 ], 
            "to": [ 4.099999986588955, 10.300000004470348, 6.899999983608723 ], 
            "rotation": { "origin": [ 8.0, 8.0, 8.0 ], "axis": "z", "angle": -22.5 },
            "faces": {
                "north": { "texture": "#0", "uv": [ 0.0, 0.0, 0.3999999761581421, 2.0 ] },
                "east": { "texture": "#0", "uv": [ 0.0, 0.0, 0.3999999761581421, 2.0 ] },
                "south": { "texture": "#0", "uv": [ 0.0, 0.0, 0.3999999761581421, 2.0 ] },
                "west": { "texture": "#0", "uv": [ 0.0, 0.0, 0.3999999761581421, 2.0 ] },
                "up": { "texture": "#0", "uv": [ 0.0, 0.0, 0.3999999761581421, 0.3999999761581421 ] },
                "down": { "texture": "#0", "uv": [ 0.0, 0.0, 0.3999999761581421, 0.3999999761581421 ] }
            }
        },
        {
            "name": "Leg2_4",
            "from": [ 3.700000010430813, 8.300000004470348, 9.50000000745058 ], 
            "to": [ 4.099999986588955, 10.300000004470348, 9.899999983608723 ], 
            "rotation": { "origin": [ 8.0, 8.0, 8.0 ], "axis": "z", "angle": -22.5 },
            "faces": {
                "north": { "texture": "#0", "uv": [ 0.0, 0.0, 0.3999999761581421, 2.0 ] },
                "east": { "texture": "#0", "uv": [ 0.0, 0.0, 0.3999999761581421, 2.0 ] },
                "south": { "texture": "#0", "uv": [ 0.0, 0.0, 0.3999999761581421, 2.0 ] },
                "west": { "texture": "#0", "uv": [ 0.0, 0.0, 0.3999999761581421, 2.0 ] },
                "up": { "texture": "#0", "uv": [ 0.0, 0.0, 0.3999999761581421, 0.3999999761581421 ] },
                "down": { "texture": "#0", "uv": [ 0.0, 0.0, 0.3999999761581421, 0.3999999761581421 ] }
            }
        }
    ]
}