{
    "__comment": "Model generated using MrCrayfish's Model Creator (http://mrcrayfish.com/modelcreator/)",
    "textures": {
        "0": "blocks/clay",
        "1": "blocks/redstone_ore"
    },
    "elements": [
        {
            "name": "Handle1",
            "from": [ 7.6, 7.8, 8.4 ], 
            "to": [ 8.4, 8.6, 9.200000000000001 ], 
            "faces": {
                "north": { "texture": "#0", "uv": [ 0.0, 0.0, 4.8, 12.8 ] },
                "east": { "texture": "#0", "uv": [ 0.0, 0.0, 4.8, 8.8 ] },
                "south": { "texture": "#0", "uv": [ 0.0, 0.0, 8.8, 6.8 ] },
                "west": { "texture": "#0", "uv": [ 0.0, 0.0, 5.8, 10.8 ] },
                "up": { "texture": "#0", "uv": [ 0.0, 0.0, 4.8, 7.8 ] },
                "down": { "texture": "#0", "uv": [ 0.0, 0.0, 9.8, 6.8 ] }
            }
        },
        {
            "name": "Handle2",
            "from": [ 7.7, 7.4, 8.5 ], 
            "to": [ 8.3, 8.200000000000001, 9.1 ], 
            "rotation": { "origin": [ 8.0, 8.0, 8.0 ], "axis": "x", "angle": 22.5 },
            "faces": {
                "north": { "texture": "#0", "uv": [ 0.0, 0.0, 4.6, 7.8 ] },
                "east": { "texture": "#0", "uv": [ 0.0, 0.0, 6.6, 9.8 ] },
                "south": { "texture": "#0", "uv": [ 0.0, 0.0, 7.6, 12.8 ] },
                "west": { "texture": "#0", "uv": [ 0.0, 0.0, 6.6, 7.8 ] },
                "up": { "texture": "#0", "uv": [ 0.0, 0.0, 7.6, 12.6 ] },
                "down": { "texture": "#0", "uv": [ 0.0, 0.0, 9.6, 12.6 ] }
            }
        },
        {
            "name": "Handle3",
            "from": [ 7.8, 6.3, 8.3 ], 
            "to": [ 8.2, 7.3, 8.700000000000001 ], 
            "faces": {
                "north": { "texture": "#0", "uv": [ 0.0, 0.0, 1.4, 3.0 ] },
                "east": { "texture": "#0", "uv": [ 0.0, 0.0, 2.4, 4.0 ] },
                "south": { "texture": "#0", "uv": [ 0.0, 0.0, 2.4, 6.0 ] },
                "west": { "texture": "#0", "uv": [ 0.0, 0.0, 1.4, 6.0 ] },
                "up": { "texture": "#0", "uv": [ 0.0, 0.0, 1.4, 3.4 ] },
                "down": { "texture": "#0", "uv": [ 0.0, 0.0, 1.4, 2.4 ] }
            }
        },
        {
            "name": "Handle4",
            "from": [ 7.7, 5.5, 7.5 ], 
            "to": [ 8.3, 6.3, 8.1 ], 
            "rotation": { "origin": [ 8.0, 8.0, 8.0 ], "axis": "x", "angle": -22.5 },
            "faces": {
                "north": { "texture": "#0", "uv": [ 0.0, 0.0, 12.6, 11.8 ] },
                "east": { "texture": "#0", "uv": [ 0.0, 0.0, 11.6, 12.8 ] },
                "south": { "texture": "#0", "uv": [ 0.0, 0.0, 5.6, 5.8 ] },
                "west": { "texture": "#0", "uv": [ 0.0, 0.0, 8.6, 6.8 ] },
                "up": { "texture": "#0", "uv": [ 15.0, 3.0, 15.6, 5.6 ] },
                "down": { "texture": "#0", "uv": [ 0.0, 0.0, 5.6, 8.6 ] }
            }
        },
        {
            "name": "Blade1",
            "from": [ 7.5, 8.5, 8.5 ], 
            "to": [ 8.5, 9.3, 9.3 ], 
            "rotation": { "origin": [ 8.0, 8.0, 8.0 ], "axis": "x", "angle": 22.5 },
            "faces": {
                "north": { "texture": "#1", "uv": [ 5.0, 5.0, 8.0, 7.800000000000001 ] },
                "east": { "texture": "#1", "uv": [ 7.0, 8.0, 10.8, 9.8 ] },
                "south": { "texture": "#1", "uv": [ 7.0, 9.0, 10.0, 12.8 ] },
                "west": { "texture": "#1", "uv": [ 5.0, 5.0, 7.8, 7.800000000000001 ] },
                "up": { "texture": "#1", "uv": [ 5.0, 4.0, 7.0, 6.8 ] },
                "down": { "texture": "#1", "uv": [ 4.0, 3.0, 7.0, 5.8 ] }
            }
        },
        {
            "name": "Blade2",
            "from": [ 7.7, 8.8, 9.0 ], 
            "to": [ 8.3, 9.600000000000001, 9.6 ], 
            "faces": {
                "north": { "texture": "#1", "uv": [ 5.0, 5.0, 7.6, 7.8 ] },
                "east": { "texture": "#1", "uv": [ 4.0, 5.0, 6.6, 6.8 ] },
                "south": { "texture": "#1", "uv": [ 6.0, 5.0, 7.6, 7.8 ] },
                "west": { "texture": "#1", "uv": [ 8.0, 8.0, 9.6, 10.8 ] },
                "up": { "texture": "#1", "uv": [ 10.0, 5.0, 12.6, 9.6 ] },
                "down": { "texture": "#1", "uv": [ 5.0, 5.0, 7.6, 7.6 ] }
            }
        },
        {
            "name": "Blade3",
            "from": [ 7.8, 8.9, 9.5 ], 
            "to": [ 8.2, 9.5, 9.9 ], 
            "rotation": { "origin": [ 8.0, 8.0, 8.0 ], "axis": "x", "angle": -22.5 },
            "faces": {
                "north": { "texture": "#1", "uv": [ 5.0, 5.0, 6.4, 6.6 ] },
                "east": { "texture": "#1", "uv": [ 8.0, 8.0, 9.4, 10.6 ] },
                "south": { "texture": "#1", "uv": [ 6.0, 5.0, 7.4, 7.6 ] },
                "west": { "texture": "#1", "uv": [ 5.0, 5.0, 6.4, 7.6 ] },
                "up": { "texture": "#1", "uv": [ 5.0, 5.0, 6.4, 7.4 ] },
                "down": { "texture": "#1", "uv": [ 10.0, 5.0, 11.4, 6.4 ] }
            }
        },
        {
            "name": "Blade4",
            "from": [ 7.9, 8.7, 10.0 ], 
            "to": [ 8.1, 9.299999999999999, 10.2 ], 
            "rotation": { "origin": [ 8.0, 8.0, 8.0 ], "axis": "x", "angle": -45.0 },
            "faces": {
                "north": { "texture": "#1", "uv": [ 6.0, 6.0, 6.2, 6.6 ] },
                "east": { "texture": "#1", "uv": [ 6.0, 5.0, 6.2, 5.6 ] },
                "south": { "texture": "#1", "uv": [ 6.0, 6.0, 6.2, 6.6 ] },
                "west": { "texture": "#1", "uv": [ 6.0, 6.0, 7.2, 6.6 ] },
                "up": { "texture": "#1", "uv": [ 5.0, 5.0, 6.2, 6.2 ] },
                "down": { "texture": "#1", "uv": [ 5.0, 6.0, 6.2, 5.2 ] }
            }
        }
    ]
}