{
    "__comment": "Model generated using MrCrayfish's Model Creator (http://mrcrayfish.com/modelcreator/)",
    "textures": {
        "0": "blocks/anvil_base",
        "1": "blocks/hardened_clay_stained_red",
        "2": "blocks/door_iron_lower"
    },
	"display": {
		"thirdperson_righthand": {
		"rotation": [ 0, 0, 0 ],
		"translation": [ 0, 0, 0 ],
		"scale": [ 1.1, 2.1, 1.1 ]
		},
		"thirdperson_lefthand": {
		"rotation": [ 0, 0, 0 ],
		"translation": [ 0, 0, 0 ],
		"scale": [ 1, 2.0, 1 ]
		},
		"ground": {
		"rotation": [ 0, 0, 0 ],
		"translation": [ 0, 0, 0 ],
		"scale": [ 1, 4, 1 ]
		},
		"fixed": {
		"rotation": [ 0, 0, 0 ],
		"translation": [ 0, 0, 0 ],
		"scale": [ 1, 1, 1 ]
		},
		"firstperson_righthand": {
		"rotation": [ 0, 0, 0 ],
		"translation": [ 0, 0, 0 ],
		"scale": [ 1, 2, 1 ]
		},
		"firstperson_lefthand": {
		"rotation": [ 0, 0, 0 ],
		"translation": [ -1.89, 0, 0 ],
		"scale": [ 1, 2, 1 ]
		},
		"gui": {
		"rotation": [ 0, 90, 0 ],
		"translation": [ 0, -2, 0 ],
		"scale": [ 0.25, 0.5, 0.25 ]
		}
		},
    "elements": [
        {
            "name": "Handle",
            "from": [ 7.5, 4.0, 8.6 ], 
            "to": [ 8.5, 9.0, 9.6 ], 
            "faces": {
                "north": { "texture": "#0", "uv": [ 0.0, 0.0, 6.0, 13.0 ] },
                "east": { "texture": "#0", "uv": [ 0.0, 0.0, 6.0, 11.0 ] },
                "south": { "texture": "#0", "uv": [ 0.0, 0.0, 5.0, 14.0 ] },
                "west": { "texture": "#0", "uv": [ 6.0, 2.0, 14.0, 14.0 ] },
                "up": { "texture": "#0", "uv": [ 6.0, 5.0, 16.0, 15.0 ] },
                "down": { "texture": "#0", "uv": [ 6.0, 6.0, 11.0, 11.0 ] }
            }
        },
        {
            "name": "Pommel",
            "from": [ 7.4, 3.0, 7.6 ], 
            "to": [ 8.6, 4.0, 10.6 ], 
            "faces": {
                "north": { "texture": "#1", "uv": [ 0.0, 0.0, 8.2, 6.0 ] },
                "east": { "texture": "#1", "uv": [ 3.0, 5.0, 14.0, 11.0 ] },
                "south": { "texture": "#1", "uv": [ 9.0, 7.0, 14.2, 13.0 ] },
                "west": { "texture": "#1", "uv": [ 6.0, 6.0, 16.0, 13.0 ] },
                "up": { "texture": "#1", "uv": [ 3.0, 3.0, 7.2, 10.0 ] },
                "down": { "texture": "#1", "uv": [ 3.0, 3.0, 9.2, 10.0 ] }
            }
        },
        {
            "name": "InnerBase",
            "from": [ 6.0, 9.0, 7.1 ], 
            "to": [ 10.0, 9.4, 11.1 ], 
            "faces": {
                "north": { "texture": "#1", "uv": [ 0.0, 0.0, 4.0, 0.4 ] },
                "east": { "texture": "#1", "uv": [ 0.0, 0.0, 4.0, 0.4 ] },
                "south": { "texture": "#1", "uv": [ 0.0, 0.0, 4.0, 0.4 ] },
                "west": { "texture": "#1", "uv": [ 0.0, 0.0, 4.0, 0.4 ] },
                "up": { "texture": "#1", "uv": [ 0.0, 0.0, 4.0, 4.0 ] },
                "down": { "texture": "#1", "uv": [ 0.0, 0.0, 4.0, 4.0 ] }
            }
        },
        {
            "name": "Lance1",
            "from": [ 6.6, 9.2, 7.6 ], 
            "to": [ 9.6, 14.2, 10.6 ], 
            "faces": {
                "north": { "texture": "#2", "uv": [ 2.0, 1.0, 9.0, 14.0 ] },
                "east": { "texture": "#2", "uv": [ 2.0, 2.0, 11.0, 12.0 ] },
                "south": { "texture": "#2", "uv": [ 3.0, 2.0, 10.0, 11.0 ] },
                "west": { "texture": "#2", "uv": [ 5.0, 2.0, 12.0, 12.0 ] },
                "up": { "texture": "#2", "uv": [ 4.0, 0.0, 11.0, 7.0 ] },
                "down": { "texture": "#2", "uv": [ 3.0, 2.0, 9.0, 7.0 ] }
            }
        },
        {
            "name": "Lance2",
            "from": [ 6.8, 13.2, 7.8 ], 
            "to": [ 9.3, 18.2, 10.3 ], 
            "faces": {
                "north": { "texture": "#2", "uv": [ 2.0, 0.0, 9.0, 7.0 ] },
                "east": { "texture": "#2", "uv": [ 2.0, 2.0, 11.0, 7.0 ] },
                "south": { "texture": "#2", "uv": [ 3.0, 2.0, 10.0, 7.0 ] },
                "west": { "texture": "#2", "uv": [ 5.0, 0.0, 14.0, 7.0 ] },
                "up": { "texture": "#2", "uv": [ 4.0, 0.0, 11.0, 7.0 ] },
                "down": { "texture": "#2", "uv": [ 4.0, 0.0, 10.0, 5.0 ] }
            }
        },
        {
            "name": "Lance3",
            "from": [ 7.1, 17.2, 8.0 ], 
            "to": [ 9.1, 22.2, 10.0 ], 
            "faces": {
                "north": { "texture": "#2", "uv": [ 2.0, 0.0, 9.0, 7.0 ] },
                "east": { "texture": "#2", "uv": [ 2.0, 2.0, 11.0, 7.0 ] },
                "south": { "texture": "#2", "uv": [ 3.0, 2.0, 10.0, 7.0 ] },
                "west": { "texture": "#2", "uv": [ 5.0, 0.0, 14.0, 7.0 ] },
                "up": { "texture": "#2", "uv": [ 4.0, 0.0, 11.0, 7.0 ] },
                "down": { "texture": "#2", "uv": [ 4.0, 0.0, 10.0, 5.0 ] }
            }
        },
        {
            "name": "Lance4",
            "from": [ 7.5, 22.2, 8.5 ], 
            "to": [ 8.5, 26.2, 9.5 ], 
            "faces": {
                "north": { "texture": "#2", "uv": [ 2.0, 0.0, 9.0, 7.0 ] },
                "east": { "texture": "#2", "uv": [ 2.0, 2.0, 11.0, 7.0 ] },
                "south": { "texture": "#2", "uv": [ 3.0, 2.0, 10.0, 7.0 ] },
                "west": { "texture": "#2", "uv": [ 5.0, 0.0, 14.0, 7.0 ] },
                "up": { "texture": "#2", "uv": [ 4.0, 0.0, 11.0, 7.0 ] },
                "down": { "texture": "#2", "uv": [ 4.0, 0.0, 10.0, 5.0 ] }
            }
        }
    ]
}