{
    "__comment": "Model generated using MrCrayfish's Model Creator (http://mrcrayfish.com/modelcreator/)",
    "textures": {
        "0": "blocks/log_big_oak",
        "1": "blocks/redstone_ore",
        "2": "blocks/glass_red"
    },
    "display": {
        "thirdperson_righthand": {
        "rotation": [ 0, 0, 0 ],
        "translation": [ 0, 0, 0 ],
        "scale": [ 1.1, 1.1, 1.1 ]
        },
        "thirdperson_lefthand": {
        "rotation": [ 0, 0, 0 ],
        "translation": [ 0, 0, 0 ],
        "scale": [ 1.1, 1.1, 1.1 ]
        },
        "ground": {
        "rotation": [ 0, 0, 0 ],
        "translation": [ 0, 0, 0 ],
        "scale": [ 1.1, 1.1, 1.1 ]
        },
        "fixed": {
        "rotation": [ 0, 0, 0 ],
        "translation": [ 0, 0, 0 ],
        "scale": [ 1.1, 1.1, 1.1 ]
        },
        "firstperson_righthand": {
        "rotation": [ 0, 0, 0 ],
        "translation": [ 0, 0, 0 ],
        "scale": [ 1.1, 1.1, 1.1 ]
        },
        "firstperson_lefthand": {
        "rotation": [ 0, 0, 0 ],
        "translation": [ -1.89, 0, 0 ],
        "scale": [ 1.3, 1.3, 1.3 ]
        },
        "gui": {
        "rotation": [ 0, 90, 0 ],
        "translation": [ 0, -4, 0 ],
        "scale": [ 0.7, 0.7, 0.7 ]
        }
        },
    "elements": [
        {
            "name": "Handle1",
            "from": [ 7.6, -3.0, 8.0 ], 
            "to": [ 8.4, 21.0, 8.8 ], 
            "faces": {
                "north": { "texture": "#0", "uv": [ 6.0, 0.0, 11.8, 11.0 ] },
                "east": { "texture": "#0", "uv": [ 0.0, 0.0, 7.800000000000001, 12.0 ] },
                "south": { "texture": "#0", "uv": [ 0.0, 0.0, 6.8, 11.0 ] },
                "west": { "texture": "#0", "uv": [ 0.0, 0.0, 7.800000000000001, 15.0 ] },
                "up": { "texture": "#0", "uv": [ 0.0, 0.0, 3.8, 3.8 ] },
                "down": { "texture": "#0", "uv": [ 0.0, 0.0, 3.8, 3.8 ] }
            }
        },
        {
            "name": "Handle2",
            "from": [ 7.6, 20.4, 8.8 ], 
            "to": [ 8.4, 26.4, 9.600000000000001 ], 
            "faces": {
                "north": { "texture": "#0", "uv": [ 0.0, 0.0, 5.800000000000001, 11.0 ] },
                "east": { "texture": "#0", "uv": [ 0.0, 0.0, 6.8, 11.0 ] },
                "south": { "texture": "#0", "uv": [ 8.0, 0.0, 14.8, 14.0 ] },
                "west": { "texture": "#0", "uv": [ 0.0, 0.0, 8.8, 12.0 ] },
                "up": { "texture": "#0", "uv": [ 0.0, 0.0, 3.8, 3.8 ] },
                "down": { "texture": "#0", "uv": [ 8.0, 4.0, 12.8, 8.8 ] }
            }
        },
        {
            "name": "Blade Guard",
            "from": [ 7.6, 26.4, 7.0 ], 
            "to": [ 8.4, 29.4, 10.0 ], 
            "faces": {
                "north": { "texture": "#1", "uv": [ 0.0, 0.0, 6.8, 12.0 ] },
                "east": { "texture": "#1", "uv": [ 0.0, 0.0, 11.0, 12.0 ] },
                "south": { "texture": "#1", "uv": [ 0.0, 0.0, 9.8, 13.0 ] },
                "west": { "texture": "#1", "uv": [ 6.0, 1.0, 16.0, 13.0 ] },
                "up": { "texture": "#1", "uv": [ 0.0, 0.0, 4.8, 13.0 ] },
                "down": { "texture": "#1", "uv": [ 6.0, 1.0, 10.8, 12.0 ] }
            }
        },
        {
            "name": "Blade1",
            "from": [ 7.9, 26.4, 2.0 ], 
            "to": [ 8.0, 29.2, 7.0 ], 
            "faces": {
                "north": { "texture": "#2", "uv": [ 0.0, 0.0, 6.1, 10.8 ] },
                "east": { "texture": "#2", "uv": [ 0.0, 0.0, 11.0, 10.8 ] },
                "south": { "texture": "#2", "uv": [ 0.0, 0.0, 7.1, 10.8 ] },
                "west": { "texture": "#2", "uv": [ 0.0, 0.0, 11.0, 10.8 ] },
                "up": { "texture": "#2", "uv": [ 0.0, 0.0, 8.1, 11.0 ] },
                "down": { "texture": "#2", "uv": [ 0.0, 0.0, 9.1, 11.0 ] }
            }
        },
        {
            "name": "Blade2",
            "from": [ 7.9, 27.4, 5.5 ], 
            "to": [ 8.0, 29.799999999999997, 10.5 ], 
            "rotation": { "origin": [ 8.0, 8.0, 8.0 ], "axis": "x", "angle": -22.5 },
            "faces": {
                "north": { "texture": "#2", "uv": [ 0.0, 0.0, 6.1, 9.4 ] },
                "east": { "texture": "#2", "uv": [ 0.0, 0.0, 9.0, 9.4 ] },
                "south": { "texture": "#2", "uv": [ 0.0, 0.0, 11.1, 12.4 ] },
                "west": { "texture": "#2", "uv": [ 0.0, 0.0, 10.0, 11.4 ] },
                "up": { "texture": "#2", "uv": [ 0.0, 0.0, 9.1, 12.0 ] },
                "down": { "texture": "#2", "uv": [ 0.0, 0.0, 8.1, 11.0 ] }
            }
        },
        {
            "name": "Blade3",
            "from": [ 7.9, 26.6, 8.9 ], 
            "to": [ 8.0, 28.400000000000002, 13.9 ], 
            "rotation": { "origin": [ 8.0, 8.0, 8.0 ], "axis": "x", "angle": -45.0 },
            "faces": {
                "north": { "texture": "#2", "uv": [ 0.0, 0.0, 8.1, 8.8 ] },
                "east": { "texture": "#2", "uv": [ 0.0, 0.0, 13.0, 6.8 ] },
                "south": { "texture": "#2", "uv": [ 0.0, 0.0, 9.1, 8.8 ] },
                "west": { "texture": "#2", "uv": [ 0.0, 7.0, 15.0, 12.8 ] },
                "up": { "texture": "#2", "uv": [ 0.0, 0.0, 5.1, 13.0 ] },
                "down": { "texture": "#2", "uv": [ 0.0, 0.0, 7.1, 13.0 ] }
            }
        },
        {
            "name": "Blade4",
            "from": [ 7.9, 13.9, -10.1 ], 
            "to": [ 8.0, 16.7, -8.9 ], 
            "rotation": { "origin": [ 8.0, 8.0, 8.0 ], "axis": "x", "angle": 22.5 },
            "faces": {
                "north": { "texture": "#2", "uv": [ 0.0, 0.0, 7.1, 10.8 ] },
                "east": { "texture": "#2", "uv": [ 4.0, 5.0, 13.2, 14.8 ] },
                "south": { "texture": "#2", "uv": [ 0.0, 0.0, 4.1, 7.8 ] },
                "west": { "texture": "#2", "uv": [ 0.0, 0.0, 5.2, 13.8 ] },
                "up": { "texture": "#2", "uv": [ 0.0, 0.0, 7.1, 6.2 ] },
                "down": { "texture": "#2", "uv": [ 0.0, 0.0, 8.1, 12.2 ] }
            }
        },
        {
            "name": "Blade5",
            "from": [ 7.9, 18.5, -6.1 ], 
            "to": [ 8.0, 20.6, -5.3 ], 
            "faces": {
                "north": { "texture": "#2", "uv": [ 0.0, 0.0, 4.1, 8.1 ] },
                "east": { "texture": "#2", "uv": [ 0.0, 0.0, 5.8, 11.1 ] },
                "south": { "texture": "#2", "uv": [ 0.0, 0.0, 8.1, 12.1 ] },
                "west": { "texture": "#2", "uv": [ 0.0, 0.0, 8.8, 11.1 ] },
                "up": { "texture": "#2", "uv": [ 0.0, 0.0, 7.1, 11.8 ] },
                "down": { "texture": "#2", "uv": [ 0.0, 0.0, 8.1, 10.8 ] }
            }
        }
    ]
}