{
    "__comment": "Model generated using MrCrayfish's Model Creator (http://mrcrayfish.com/modelcreator/)",
    "textures": {
        "0": "blocks/glass_light_blue",
        "1": "blocks/diamond_block"
    },
    "elements": [
        {
            "name": "Gem1",
            "from": [ 7.7, 8.8, 8.5 ], 
            "to": [ 8.7, 9.8, 9.5 ], 
            "faces": {
                "north": { "texture": "#0", "uv": [ 2.0, 3.0, 7.6, 8.6 ] },
                "east": { "texture": "#0", "uv": [ 0.0, 9.0, 7.6, 12.6 ] },
                "south": { "texture": "#0", "uv": [ 0.0, 0.0, 6.6, 5.6 ] },
                "west": { "texture": "#0", "uv": [ 0.0, 0.0, 7.6, 7.6 ] },
                "up": { "texture": "#0", "uv": [ 0.0, 0.0, 10.6, 10.6 ] },
                "down": { "texture": "#0", "uv": [ 4.0, 4.0, 10.6, 10.6 ] }
            }
        },
        {
            "name": "Gem2",
            "from": [ 7.800000000000001, 9.8, 8.6 ], 
            "to": [ 8.600000000000001, 10.0, 9.4 ], 
            "faces": {
                "north": { "texture": "#0", "uv": [ 2.0, 3.0, 7.6, 8.6 ] },
                "east": { "texture": "#0", "uv": [ 0.0, 9.0, 7.6, 12.6 ] },
                "south": { "texture": "#0", "uv": [ 0.0, 0.0, 6.6, 5.6 ] },
                "west": { "texture": "#0", "uv": [ 0.0, 0.0, 7.6, 7.6 ] },
                "up": { "texture": "#0", "uv": [ 0.0, 0.0, 10.6, 10.6 ] },
                "down": { "texture": "#0", "uv": [ 4.0, 4.0, 10.6, 10.6 ] }
            }
        },
        {
            "name": "Gem3",
            "from": [ 7.8, 8.6, 8.6 ], 
            "to": [ 8.6, 8.799999999999999, 9.4 ], 
            "faces": {
                "north": { "texture": "#0", "uv": [ 2.0, 3.0, 7.6, 8.6 ] },
                "east": { "texture": "#0", "uv": [ 0.0, 9.0, 7.6, 12.6 ] },
                "south": { "texture": "#0", "uv": [ 0.0, 0.0, 6.6, 5.6 ] },
                "west": { "texture": "#0", "uv": [ 0.0, 0.0, 7.6, 7.6 ] },
                "up": { "texture": "#0", "uv": [ 0.0, 0.0, 10.6, 10.6 ] },
                "down": { "texture": "#0", "uv": [ 4.0, 4.0, 10.6, 10.6 ] }
            }
        },
        {
            "name": "Point1",
            "from": [ 8.0, 8.6, 8.8 ], 
            "to": [ 8.4, 10.2, 9.200000000000001 ], 
            "faces": {
                "north": { "texture": "#0", "uv": [ 2.0, 3.0, 7.6, 8.6 ] },
                "east": { "texture": "#0", "uv": [ 0.0, 9.0, 7.6, 12.6 ] },
                "south": { "texture": "#0", "uv": [ 0.0, 0.0, 6.6, 5.6 ] },
                "west": { "texture": "#0", "uv": [ 0.0, 0.0, 7.6, 7.6 ] },
                "up": { "texture": "#0", "uv": [ 0.0, 0.0, 10.6, 10.6 ] },
                "down": { "texture": "#0", "uv": [ 4.0, 4.0, 10.6, 10.6 ] }
            }
        },
        {
            "name": "Point2",
            "from": [ 8.0, 8.4, 8.8 ], 
            "to": [ 8.4, 9.8, 9.200000000000001 ], 
            "faces": {
                "north": { "texture": "#0", "uv": [ 2.0, 3.0, 7.6, 8.6 ] },
                "east": { "texture": "#0", "uv": [ 0.0, 9.0, 7.6, 12.6 ] },
                "south": { "texture": "#0", "uv": [ 0.0, 0.0, 6.6, 5.6 ] },
                "west": { "texture": "#0", "uv": [ 0.0, 0.0, 7.6, 7.6 ] },
                "up": { "texture": "#0", "uv": [ 0.0, 0.0, 10.6, 10.6 ] },
                "down": { "texture": "#0", "uv": [ 4.0, 4.0, 10.6, 10.6 ] }
            }
        },
        {
            "name": "Inner",
            "from": [ 7.8, 8.9, 8.6 ], 
            "to": [ 8.2, 9.3, 9.0 ], 
            "faces": {
                "north": { "texture": "#1", "uv": [ 9.0, 7.0, 14.6, 12.6 ] },
                "east": { "texture": "#1", "uv": [ 4.0, 6.0, 11.6, 9.6 ] },
                "south": { "texture": "#1", "uv": [ 4.0, 4.0, 10.6, 9.6 ] },
                "west": { "texture": "#1", "uv": [ 5.0, 6.0, 12.6, 13.6 ] },
                "up": { "texture": "#1", "uv": [ 3.0, 4.0, 13.6, 14.6 ] },
                "down": { "texture": "#1", "uv": [ 6.0, 6.0, 12.6, 12.6 ] }
            }
        }
    ]
}